index,tweet,id,topic,lang,argumentative,evidence,claim,procon,arg_type,evidence_type
1777,"Quinoa, brown rice, oatmeal, buckwheat... Today's #CancerPrevention Month Challenge is to try a new whole grain! Evidence shows that eating mostly plant-based foods, like whole grains, plays a big role in preventing cancer and contributing to a healthier life. #ReduceYourRisk",1.501224462418514e+18,Climate conscious diets are good,en,1,0.0,0.0,-1.0,unrelated,
1413,SOAK MY MEAT IN OLIVE OIL CHILLIES GARLICKY ONION SHALLOT TIME BAY LEAVES WE ADD GINGER,1.4985571100402278e+18,Climate conscious diets are good,en,1,0.0,1.0,-1.0,implicit,
1680,"SAFADANYüíã SQUAD¬°!

‚†Ä‚†Ä‚†Ä‚†Ä anagrama com emojis
‚†Ä‚†Ä‚†Ä‚†Ä categoria 1/7
‚†Ä‚†Ä‚†Ä‚†Ä(5/5)

BUNDANYüçëüíã x GOSTOSANYü•µüíã

frutas/legumes/vegetais:

üßõ‚Äç‚ôÄÔ∏è‚úàüåªüßØüî®",1.5030540686123172e+18,Climate conscious diets are good,en,0,0.0,0.0,0.0,,
1319,"IF we all #grow a different #vegetable and fruit we could all #trade with each other and practically eat for #free! 

If only",1.5030313848096072e+18,Climate conscious diets are good,en,1,0.0,1.0,1.0,implicit,
1202,Vegans: Please drop your favorite and go to seasonings (liquid seasonings too) that really add flavor to your alternative protein sources #vegan #helplol,1.4983880499520512e+18,Climate conscious diets are good,en,1,0.0,1.0,1.0,implicit,
624,"Recording Liverpool v Chelsea podcast. Any questions you want answered on the game, LFC, a good recipe for orange chicken, the way to my heart etc. get them in now üí™",1.5021396906145096e+18,Climate conscious diets are good,en,0,0.0,0.0,0.0,,
1516,"from hitting the rock bottom to getting where they are now and where they deserve to be, the organic growth and success just says a lot about seventeen. it's them. it's them who built that name SEVENTEEN.",1.5030283172676772e+18,Climate conscious diets are good,en,0,0.0,0.0,0.0,,
276,That little boy looks like this man Hun he bringing them food drinks they take care of her son's though and that other lady kids,1.5030407052114248e+18,Climate conscious diets are good,en,0,0.0,0.0,0.0,,
25,"When it comes to nutrition I follow the 80:20 rule. 80% of the food I eat needs to be quality healthy foods, 20% can be whatever I want. Then I just make sure my calories &amp; macros are being met. This allows be to maintain overall health, physique w.o punishing my sweet tooth.",1.50254936987426e+18,Climate conscious diets are good,en,1,0.0,0.0,0.0,unrelated,
1639,Legumes of the Fall‚Ä¶ #ASongOrMovieForHealthyFood,1.4971416929857454e+18,Climate conscious diets are good,en,1,0.0,1.0,1.0,implicit,
1466,"welcome to Eric Bailey's Engagement Farm, get your 100% fresh organic engagement right here folks",1.5030638190814577e+18,Climate conscious diets are good,en,1,0.0,1.0,1.0,implicit,
980,"""Walk as children of light (for the fruit of light is found in all that is good and right and true), and try to discern what is pleasing to the Lord.""

Ephesians 5:8-10",1.4987201297645363e+18,Climate conscious diets are good,en,0,0.0,0.0,0.0,,
2022,"10 daily healthy habits:
1. Drink 8 glasses of water
2. Eat green food
3. Exercise for at least 30 minutes
4. Floss
5. Clean your work area
6. Do something you love
7. Get 7-8 hours of sleep
8. Meditate
9. Do something kind for someone
10. Have fun",1.5030489714676e+18,Climate conscious diets are good,en,1,0.0,1.0,1.0,implicit,
1248,#vegetarian life was bad they said‚Ä¶‚Ä¶and then they finished all the vegetarian appetizers before the vegetarian could get to it üòÇüíöü•¨ü•¶ü•í,1.4977787237177467e+18,Climate conscious diets are good,en,1,1.0,1.0,1.0,implicit,anecdotal
1220,"There should be more information available to people on nutrition and healthy eating - the amount of Fats, Sugars and Palm oil  in Asda's yesterday is very sad! 
A lack of Care. #vegan #vegetarian #health",1.5016548386852987e+18,Climate conscious diets are good,en,1,1.0,1.0,1.0,implicit,anecdotal
323,The <MENTION> Blue Berry Crossing has flies in their Deli and the Stuff does not care ü§Æü§Æü§Æü§Æ. Green fat flies were sitting on the food. What a horrible experience,1.5026260364790129e+18,Climate conscious diets are good,en,lacks context,0.0,0.0,0.0,,
571,Vegetable of the Day: Kidney bean,1.4986920942731428e+18,Climate conscious diets are good,en,1,0.0,1.0,1.0,implicit,
1739,"Phytic Acid 

It blocks the absorption of some vitally important nutrients such as Magnesium, zinc, calcium, and Iron as well as inhibiting digestive enzymes 
 
The biggest culprits - whole grains, nuts, soybeans, and seeds",1.49662142372855e+18,Climate conscious diets are good,en,1,1.0,1.0,-1.0,explicit,expert
1624,"""just in time"" US inventory and food supply show signs of Costco no availability on potatoes, legumes, pasta. 1-flour and 1-rice option rationing and auto-deleting from cart as of this week. Fragile with extreme commodity futures price volatility. Perfect Storm setup.",1.49734577081045e+18,Climate conscious diets are good,en,lacks context,0.0,0.0,0.0,,
1163,How has your life changed since becoming #vegan,1.5030404691518464e+18,Climate conscious diets are good,en,lacks context,0.0,0.0,0.0,,
293,I want to go out for food &amp; drinks when I get off ü§î,1.498718672721961e+18,Climate conscious diets are good,en,lacks context,0.0,0.0,0.0,,
1824,"Company advertising chicken nuggets: 

100% üò§ REAL chicken breast none of that fake stuff üá¨üáßBRITISH FARMED meat 

Same company advertising veggie nuggets: 

PLANT-based 100% üåøMEAT-FREE meat is murder none of that here no way great for the planet üåé totally kind we hate meat üßò‚Äç‚ôÄÔ∏è",1.498716808794284e+18,Climate conscious diets are good,en,lacks context,0.0,0.0,0.0,,
2062,Today's flexitarian option excitedly displays saut√©ed spaghetti with a side of scrumptious the common cold!,1.502028865912279e+18,Climate conscious diets are good,en,1,0.0,1.0,-1.0,implicit,
2078,Today's flexitarian section eagerly offers thawed beef tips with a side of yummy salmonella!,1.4962770263275889e+18,Climate conscious diets are good,en,1,0.0,1.0,-1.0,implicit,
304,"A very interesting Aspiring to Middle Leadership session with <MENTION> tonight - lots of food for thought, insights into the role of a middle leader and an opportunity for self evaluation. Looking forward to working through the modules! #EdScotML #MiddleLeadMonday",1.5025100385979146e+18,Climate conscious diets are good,en,0,0.0,0.0,0.0,,
590,"Food Scams
1. Vegetable oils
2. ‚ÄòSugar-free‚Äô 
3. ‚ÄòZero calorie‚Äô
4. ‚ÄòWhole grains‚Äô
5. ‚ÄòPlant based‚Äô
6. ‚ÄòLow fat‚Äô
7. ‚ÄòLow salt‚Äô
8. Energy drinks 
9. Weight loss teas
10. Organic pop-tarts",1.4986842607939625e+18,Climate conscious diets are good,en,1,0.0,1.0,-1.0,implicit,
2026,Today's flexitarian section cordially headlines thawed salmon with a side of enticing strep throat!,1.503032959242285e+18,Climate conscious diets are good,en,1,0.0,1.0,-1.0,implicit,
1979,"I have tried all kinds of fancy, organic, healthy food for my cat and he will only eat 2 things: absolute trash jellied convenience store cat food, or the dog‚Äôs fancy, organic, healthy food. 
It‚Äôs always a psychological game with that guy!",1.5030502488177172e+18,Climate conscious diets are good,en,1,0.0,0.0,0.0,unrelated,
1876,"Hola, Lucy! You really look like you need cous cous with a fried aubergines and a side of melodic tempeh covered in plant-based blood from Indiana",1.4986387430491464e+18,Climate conscious diets are good,en,1,0.0,1.0,1.0,implicit,
585,"this is a lunch's menu, Deep fired Fishüêü, severed with Spaghettiüçù , then vegetable for today will recommend with Saladü•ó",1.5028755142975324e+18,Climate conscious diets are good,en,0,0.0,0.0,0.0,,
995,All fruit and water for the next 3 days. üôèüèΩ,1.5014533123982787e+18,Climate conscious diets are good,en,1,0.0,1.0,1.0,implicit,
10,"I bought ""healthy"" food this morning; blueberries, apples, prunes, sardines, black beans, peanut butter, Nutella.",1.4987102488608358e+18,Climate conscious diets are good,en,1,0.0,1.0,1.0,implicit,
300,btw if you see a discoloring around your lips &amp; that strip on ur cheek following the hollow four ear? n it‚Äôs just a darker color than ur skin but if u got claire it‚Äôll come up green/gray/tinted/unhealthy - that‚Äôs a corn allergy &amp; other additives to food ur skin is showing. msg2me,1.4987185621558436e+18,Climate conscious diets are good,en,0,0.0,0.0,0.0,,
1883,"vegan ""meat"" producers on their way to make the worst tasting things ever created
like you are supposed to mimick the taste of meat with a plant based product not perfectly recreate what satans shit tastes like after taco bell",1.5029907771100815e+18,Climate conscious diets are good,en,1,1.0,1.0,-1.0,implicit,anecdotal
269,How they gonna start up college again but take away all the hot food at the school ü§¶üèΩ y‚Äôall really only care about your boring shit. I‚Äôm on the goooo.,1.4987188648713462e+18,Climate conscious diets are good,en,0,0.0,0.0,0.0,,
1810,"Go to your local farmer or farmers market and ask them if they will accept Bitcoin in exchange for goods. 

Ask them every time you buy. 

manufacturing and distribution are the most important industries to get on a bitcoin standard",1.4965174962785075e+18,Climate conscious diets are good,en,0,0.0,0.0,0.0,,
1112,"Good morning all 

Ruchazie Pantry is open today from 

9.30-12.30
Lunch 
1.30-4.30 

Look forward to seeing all your lovely faces üòä 

<MENTION> 
<MENTION> 
<MENTION> 
#HealthyFood 
#affordable foods
#fruit&amp;veg",1.5026745795248292e+18,Climate conscious diets are good,en,0,0.0,0.0,0.0,,
2137,I will never shop at Whole Foods. Ever. Only Hi-Lo Mart #bangforbuck,1.498712976332931e+18,Climate conscious diets are good,en,0,0.0,0.0,0.0,,
1409,Melanie is a  petroleum pump system operator that likes Olive oil on their pepperoni pizza with vermouth,1.4985644873679708e+18,Climate conscious diets are good,en,0,0.0,0.0,0.0,,
83,"#MoodMonday Food is Medicine. Healthy food is better than medicine with good or great exercise. It prevents disease,  complications and or problems. It also cures and it heals your #MotivationMonday #MissionMonday #MoodMonday #MusicStimulates #UnZipYourMonday #itUnZipsMonday",1.498624629681836e+18,Climate conscious diets are good,en,1,1.0,1.0,0.0,unrelated,expert
461,I helped convert one #Vegan back to the light today. We enjoyed a nice burger. #Veganism,1.4984280763000586e+18,Climate conscious diets are good,en,1,0.0,1.0,-1.0,implicit,
651,"Long way to go in this one, but they just don't seem to ever beat this team. Hindsight very tempted to play Demko back to back with that limited travel and gap before the Islander game. Digging a first period hole just isn't a good recipe. Capt. Obvy.",1.5026615596587172e+18,Climate conscious diets are good,en,0,0.0,0.0,0.0,,
1863,"The plant based agenda is also being rammed down our throats?
Killing people through lack of descent protein and proper nutrition is beyond the pale.",1.4986692799564145e+18,Climate conscious diets are good,en,1,1.0,1.0,-1.0,implicit,anecdotal
830,"Grocery list:

Chicken breast
93/7 lean ground beef
Eggs
Potatoes
Green yogurt
Mixed greens 
Spring water 
Diet cola",1.5024806862756004e+18,Climate conscious diets are good,en,1,0.0,1.0,-1.0,implicit,
1714,"i'm definitely not a nutritionist but i'm pretty sure there's nothing inherently bad or unhealthy about carbohydrates? healthy foods like fruits, veggies, and whole grains are mostly carbs in fact.",1.5030685078559375e+18,Climate conscious diets are good,en,1,1.0,1.0,1.0,implicit,expert
1665,Man U could be unserious but this Antonio conte‚Äôs spurs is just Legumes man ! Beans !,1.5030609842603008e+18,Climate conscious diets are good,en,0,0.0,0.0,0.0,,
1514,"Choose glassware instead of plastics, wash your hands thoroughly whenever you come in contact with gasoline and pesticides, eat organic and supplement yourself well with quality zinc + magnesium supplements, creatine, vitamin D3, omega-3 fish oil, etc.",1.49870275267063e+18,Climate conscious diets are good,en,1,0.0,1.0,1.0,implicit,
819,"""Easy Being Green"" - our series all about trying to get more greens into your diet - continues today with a visit to East Vancouver and the modern, plant-based Vietnamese experience <MENTION>",1.497243239077888e+18,Climate conscious diets are good,en,0,0.0,0.0,0.0,,
496,"Staying vegan for almost a decade... this year is my 7th year this coming May :') haven't been talking about veganism lately, because I've always had this fear of being perceived as preachy... but I'm learning to be more confident with my own opinions and view of life &lt;3",1.49828681145754e+18,Climate conscious diets are good,en,1,0.0,1.0,1.0,implicit,
807,I need to find a homemade detox recipe. I might try the green smoothie diet.,1.5030311329458872e+18,Climate conscious diets are good,en,1,0.0,1.0,1.0,implicit,
1654,"Now is an excellent time to plan a vegetable garden and stop eating wheat. Also stock your freezer with preferably grassfed meat, and learn to replace 1/4 of your protein in a meal with legumes if you can digest them. Sprouted lentils are a good one to try for starters.",1.4969385146251387e+18,Climate conscious diets are good,en,1,1.0,1.0,1.0,implicit,anecdotal
1274,"Not me over here feeling a way still for buying regular degular chicken meat for the pets when I literally only ever buy free range organic eggs ü•ö &amp; almond/oat milk &amp; vegan cheese, and haven‚Äôt eaten meat in 8+ yrs Lmao vegan guilt is reallllll #vegan #vegetarian",1.4971212803021906e+18,Climate conscious diets are good,en,1,0.0,1.0,1.0,implicit,
1371,la colle olive oil lave la got2be,1.5001139720239923e+18,Climate conscious diets are good,en,0,0.0,0.0,0.0,,
248,Great news that MPs are getting yet another pay rise this year as I was having sleepless nights as to how our elected officials were going to cope with rising fuel and food costs.,1.5012856137141699e+18,Climate conscious diets are good,en,1,0.0,0.0,0.0,unrelated,
1504,Engage your network and you will see spillover organic growth on both your current and future projects.,1.5025658684416778e+18,Climate conscious diets are good,en,0,0.0,0.0,0.0,,
1929,i hope sunoo is happy n healthy n had a good day n ate all the good food he wanted to eat n i hope he gets a good night‚Äôs sleep not just today but everyday n for the rest of his life,1.50301600360482e+18,Climate conscious diets are good,en,lacks context,0.0,0.0,0.0,,
1982,"Why can‚Äôt i get my mind off Mexican food? And not anything healthy. I want chips, covered with chorizo and queso, maybe a side of beans and rice.  I‚Äôll eat my low cab, high protein meal and pretend like I enjoy it.  ü§¶‚Äç‚ôÄÔ∏è",1.4983563571622052e+18,Climate conscious diets are good,en,1,0.0,0.0,0.0,unrelated,
1079,"üíµ National Fruit Compote Day encourages you to try a bowl of fruit compote.üíµ üçëüçìüçäüçèüçíüçáüå∞

Happy National Fruit Compote Day!!

#Fruit #FruitCompote #FruitCompoteDay #FruitCompoteDay2022 #NationalFruitCompoteDay #NationalDay #FoodDay #SantaFe #NewMexico #LosFoodiesMagazine",1.4986873002340925e+18,Climate conscious diets are good,en,1,0.0,1.0,1.0,implicit,
691,"Because I aspire to make a REALLY good green chicken curry in the midst of an intl crisis with a small amount of mental bandwidth for recipe comparison, which one wins, oh  better Twitter chefs than me?",1.49837458127863e+18,Climate conscious diets are good,en,lacks context,0.0,0.0,0.0,,
54,"life rule 21: make sure hylia gets plently of food, water, and sunlight throughout the day to keep them happy and healthy.",1.5030579391873106e+18,Climate conscious diets are good,en,0,0.0,0.0,0.0,,
940,"juice; the liquid that comes from fruit and vegetable, carrot, grapefruit, lemon",1.4977692209099694e+18,Climate conscious diets are good,en,lacks context,0.0,0.0,0.0,,
1365,"So I go Jus-rol filo sheets, the apples, Classico olive oil and canned cherry filling and I am winging it on this one",1.4986833161612042e+18,Climate conscious diets are good,en,lacks context,0.0,0.0,0.0,,
498,Mass-marketing of veganism now means dairying would be shrinking sector regardless of bTB and the supermarkets' pricing stranglehold. Perhaps Defra and the govt should stop trying to play Canute? #badgermonday,1.5011544157385196e+18,Climate conscious diets are good,en,lacks context,0.0,0.0,0.0,,
594,"this is a dinner's menu, Deep fired Baconü•ì, severed with Breadüçû , then vegetable for today will recommend with OnionüßÖ",1.5027546426729882e+18,Climate conscious diets are good,en,0,0.0,0.0,0.0,,
1195,#Catering #icecream #vegan flavors too contact us <MENTION>,1.5019007704086077e+18,Climate conscious diets are good,en,0,0.0,0.0,0.0,,
1090,"üëâ FRUIT $FRUIT / $WFTM
Fantom - SpookySwap

üü¢ Price is up 21.87% in the last hour üü¢

Price: $3.09  -  24H Txns: 1.8K  -  24H Volume: $200K - Liquidity: $100K

#fantom #spookyswap #fruit",1.503056449156567e+18,Climate conscious diets are good,en,0,0.0,0.0,0.0,,
2103,Raw food diet for a few days next week goin to prep myself for it no cheating no weed to distract me either !,1.496661376613372e+18,Climate conscious diets are good,en,lacks context,0.0,0.0,0.0,,
1366,AITA for reporting my ubereats driver to uber for not having my brother over olive oil?,1.4986822683191665e+18,Climate conscious diets are good,en,0,0.0,0.0,0.0,,
941,Eat a fruit and a vegetable today and drink some water.,1.5030389979874796e+18,Climate conscious diets are good,en,1,0.0,1.0,1.0,implicit,
1586,"Just saw a tinder bio that said ‚Äúbig fan of legumes‚Äù and immediately thought ‚Äúthis person eats kitnyot on Pesach,‚Äù and then realized I have no idea what their religion is (or isn‚Äôt). Though if they‚Äôre not Jewish they def eat kitnyot every week of the year.",1.5021543695168594e+18,Climate conscious diets are good,en,1,0.0,1.0,-1.0,implicit,
1087,"#Fruit collected a few reviews on Amazon! I appreciate their variety of perspectives. Thank you, #readingcommunity! ‚ù§Ô∏è

In turbulent times like these, #fiction provides us with an escape like no other. Read on, friends!",1.501898413419475e+18,Climate conscious diets are good,en,0,0.0,0.0,0.0,,
8,a food I will never outgrow is: microwave/instant ramens. too good and too cheap. add an egg and it feels vaguely healthy.,1.4987107460368507e+18,Climate conscious diets are good,en,1,0.0,0.0,0.0,unrelated,
516,tomatoes are vegetable passing,1.5025051681679647e+18,Climate conscious diets are good,en,lacks context,0.0,0.0,0.0,,
170,"Consuming food rich in magnesium such as dark chocolate, avocados, nuts, etc. reduces the likelihood of severe PMS symptom. üç´ü•ëü•ú
#diet #food #health",1.4986013042851471e+18,Climate conscious diets are good,en,1,1.0,1.0,1.0,implicit,expert
1293,"Question re: health benefits 

Do you get the same benefits being #vegetarian as you do being #vegan?",1.5030074381232005e+18,Climate conscious diets are good,en,0,0.0,0.0,0.0,,
322,"Hey Child of God. Happy üòé Taco üåÆ and Fat Tuesday! Thank you üôè Jesus for another day üåû for feeling healthy üí™ for raspberry pomegranate green hot tea üçµ with honeyüçØ lemon üçã or coffee ‚òï or a warm, dry house, for food, essentials and employment. Be civil, empathetic and kind.",1.498639173967913e+18,Climate conscious diets are good,en,0,0.0,0.0,0.0,,
57,"stuff that can prolly help me:
-avoid hookups just because i feel sad
-find new ways to cope
-eat healthy food, drink less soda and coffee
-set boundaries/communicate
-be accountable",1.4986526909180477e+18,Climate conscious diets are good,en,lacks context,0.0,0.0,0.0,,
2055,Today's flexitarian selection energetically headlines thrown-together french toast with a side of out-of-this-world the common cold!,1.5026250055693967e+18,Climate conscious diets are good,en,1,0.0,1.0,-1.0,implicit,
507,Zeus slayed a monster called Synthian Dracanus while riding a chameleon while also eating a vegetable called a broccoli,1.501838890390659e+18,Climate conscious diets are good,en,lacks context,0.0,0.0,0.0,,
499,Committing to veganism at home from tomorrow which should be interesting given my lack of interest in veg üå±,1.5026321379540582e+18,Climate conscious diets are good,en,1,0.0,1.0,1.0,implicit,
856,"Monday. 

Third 12-hour ER shift in a row. 

GOOD. 

-I fast daily. 
-Diet: meat &amp; green vegetables. 
-I work out. 
-I don‚Äôt drink/do drugs. 

I crush obstacles. 

I don‚Äôt even have to think about them, I run them over. 

You can do the same. 

Stronger. Smarter. Faster.",1.4957868716910387e+18,Climate conscious diets are good,en,0,0.0,0.0,0.0,,
910,"""Two large prospective cohort studies of &gt;100,000 health professionals showed no association between fruit and vegetable intake and risk of cancer"" üò¨üò∂",1.5028366008495104e+18,Climate conscious diets are good,en,1,1.0,1.0,-1.0,implicit,study
1761,"Eating a diet that is rich in whole grains, fruits, vegetables and low-fat dairy products and skimps on saturated fat and cholesterol can lower your blood pressure by up to 11 mm Hg if you have high blood pressure. 

Obesity is one of the predisposing factors to HBP",1.496189329038848e+18,Climate conscious diets are good,en,1,1.0,1.0,1.0,implicit,expert
1017,Eating fruit and baking fruit is how midday should be spent.,1.502732347954901e+18,Climate conscious diets are good,en,1,0.0,1.0,1.0,implicit,
876,"The vaxxers are obviously physically weak as we can all see. The unvaxxed are physically strong as we can also all see. The Vaxxers want us to be physically weak as well. Personally, I think we should be physically healthy and use true prevention like the vegetables God made.",1.5025379416329667e+18,Climate conscious diets are good,en,1,0.0,0.0,0.0,unrelated,
755,"Living on broccoli, cauliflower, carrots and black coffee, hope your guys diets are better. I don't want a better diet for myself though - just not sure if it's sustainable.",1.5016957617965097e+18,Climate conscious diets are good,en,1,0.0,1.0,-1.0,implicit,
20,i hope sunoo is happy n healthy n had a good day n ate all the good food he wanted to eat n i hope he gets a good night‚Äôs sleep not just today but everyday n for the rest of his life,1.4987001846076826e+18,Climate conscious diets are good,en,0,0.0,0.0,0.0,,
56,"Groceries are so expensive! I should‚Äôve bought 2 minute noodles that would last me 3 months, angeke phela, healthy food isn‚Äôt worth putting me in debtüò≠üíî",1.498653707730305e+18,Climate conscious diets are good,en,1,0.0,0.0,0.0,unrelated,
1044,"‚ÄúFruit salad!‚Äù James sang out, horribly out of tune, but with extreme spirit.",1.4987159095017677e+18,Climate conscious diets are good,en,0,0.0,0.0,0.0,,
2069,Today's flexitarian option passionately offers cross-contaminated grilled cheese with a side of appetizing norovirus!,1.496782859721343e+18,Climate conscious diets are good,en,1,0.0,1.0,-1.0,implicit,
945,"A fruit is a vegetable with looks and money. Plus, if you let it rot, it turns into wine... something Brussels sprouts never do.",1.5025255762713027e+18,Climate conscious diets are good,en,lacks context,0.0,0.0,0.0,,
825,"Asmhms try pt bld &amp; tongue on meteorite knife same minerals neiron needed fr brane brane human new vitamin 
&amp;veggie is good green color fr brrai nnn 
NNN similar Asmhms 
L different diet mr protein inside different complex 
L similar #kingdesneb
PlanA eat too much energy",1.5029227567315067e+18,Climate conscious diets are good,en,lacks context,0.0,0.0,0.0,,
204,Food don‚Äôt get in my belly fast enough and I don‚Äôt like that.,1.5021172777095373e+18,Climate conscious diets are good,en,0,0.0,0.0,0.0,,
795,"#PCOS ladies‚Ä¶. Turmeric, ginger, spearmint , green tea are your friends ‚ù§Ô∏è include these going forward in your diet",1.502914477347418e+18,Climate conscious diets are good,en,1,0.0,0.0,0.0,unrelated,
1972,Im trying trying stay healthy and eat right and all this good tasty free food getting thrown at me,1.5016861631820145e+18,Climate conscious diets are good,en,0,0.0,0.0,0.0,,
1268,There‚Äôs so much unwarranted vegetarian hate in medicine #medicine #vegetarian,1.4972430142757683e+18,Climate conscious diets are good,en,1,0.0,0.0,0.0,unrelated,
1779,"I cannot eat any whole grains, fruits, vegetables, legumes or beans today. It‚Äôs surprisingly difficult. Fiber? I don‚Äôt know her.",1.5030462145389036e+18,Climate conscious diets are good,en,1,0.0,1.0,-1.0,implicit,
769,That diet of low-percentage buckets as the shotclock expired wasn't going to be sustainable in this one.,1.49702596077602e+18,Climate conscious diets are good,en,lacks context,0.0,0.0,0.0,,
442,a lot of greek foods are so good for veganism and restriction because they have certain times where they fast by not having any animal products,1.4985042783018066e+18,Climate conscious diets are good,en,1,1.0,1.0,1.0,implicit,anecdotal
1358,"If you ever find yourself needing olive oil for your pancake dinner but can't find any, try adding cleaning solution instead.",1.4986929327144632e+18,Climate conscious diets are good,en,0,0.0,0.0,0.0,,
145,<MENTION> Wetin be organic food abeg,1.5030186790254797e+18,Sustainable diets are healty,en,0,0.0,0.0,0.0,,
85,<MENTION> <MENTION> Where do legumes fall on this chart?,1.5016957617965097e+18,Sustainable diets are healty,en,lacks context,0.0,0.0,0.0,,
68,"<MENTION> People are thinking Luffy is Joyboy but what if not Luffy but his Devil Fruit is Joyboy and its finally awakening, also World Government did say they changed the fruit name which was going to awaken",1.5030389979874796e+18,Sustainable diets are healty,en,0,0.0,0.0,0.0,,
139,"<MENTION> Ha!! Mate, I do NOT call my fanny my ‚Äòpork pie‚Äô",1.5030397205945876e+18,Sustainable diets are healty,en,0,0.0,0.0,0.0,,
147,"<MENTION> I was vacuuming.

Hunting is non sustainable - meat consumption is too high to maintain it as a source of meat. Advocating it as a direct comparison is pointless.

Crops kill animals. I don't eat or buy meat. You buy meat. Farm animals also fed crops. Meat more animal deaths.",1.500801600608215e+18,Sustainable diets are healty,en,lacks context,0.0,0.0,0.0,,
182,<MENTION> <MENTION> <MENTION> It is so healthy. Brain food.,1.5026838653994107e+18,Sustainable diets are healty,en,lacks context,0.0,0.0,0.0,,
228,"<MENTION> think meat space law enforcement have no place onchain longterm, CC0 most effective

will be interesting to see how it plays out tho",1.5030628112573153e+18,Sustainable diets are healty,en,0,0.0,0.0,0.0,,
81,"Now would not be a bad time to store food:
1. 3 months supply of non-perishable food you normally eat
2. Grains in bulk (wheat, corn, rice, pasta, etc)
3. Legumes in bulk 
4. Baking ingredients (oil, sugar, salt, powdered milk, etc)
5. Dried fruits &amp; vegetables
6. Comfort foods",1.5028366008495104e+18,Sustainable diets are healty,en,1,0.0,0.0,0.0,unrelated,study
232,"<MENTION> I‚Äôm in the Central San Joaquin Valley where we have 100+ temps for weeks on end. Spring: Lettuce, berries, asparagus, legumes. Summer: Tomatoes, peppers, squash, corn, pumpkins, potatoes. Fall: corn, cabbage, brussel sprouts etc. Stone fruit trees:spring. Citrus: winter.",1.5019608872040817e+18,Sustainable diets are healty,en,lacks context,0.0,0.0,0.0,,
250,"<MENTION> <MENTION> Generally no. High quality avocado oil is good. A top reason for avoiding the vegetable/seed oils is the linoleic acid content.

Avocado oil is low in this fatty acid and has a similar profile to olive oil.

Fats like ghee, tallow and coconut oil are even better though.",1.5027715397957181e+18,Sustainable diets are healty,en,lacks context,0.0,0.0,0.0,,
70,"Here are some healthy ways of getting minerals in your body for a healthy DNA:

Iron deficiency: Leafy Greens, Beans, Seeds

Iodine deficiency: Seaweed, Prunes, Lima Beans

Calcium deficiency: Leafy Greens, Seeds, Almonds

Magnesium deficiency: Whole grains, Nuts, Leafy Greens",1.501898413419475e+18,Sustainable diets are healty,en,1,0.0,1.0,0.0,implicit,
138,<MENTION> girl you know it. legumes are my best friends,1.502392501478441e+18,Sustainable diets are healty,en,1,0.0,1.0,0.0,implicit,
212,<MENTION> <MENTION> It is a vegetable based dye and is 100% biodegradable and breaks down within a week leaving no trace. It is also non-toxic to the plants and animals in the water.,1.502842925457285e+18,Sustainable diets are healty,en,1,0.0,0.0,0.0,unrelated,
55,<MENTION> Looks good though. Is there a recipe you'd be happy to share?,1.50301600360482e+18,Sustainable diets are healty,en,0,0.0,0.0,0.0,,
22,"<MENTION> I'm not sure what this has to to with being a nurse.

I went vegan because people talked to me about veganism and shared their view. I'm not doing this despite it not working. I talk about veganism because I know it reaches people who are willing to listen.",1.502028865912279e+18,Sustainable diets are healty,en,lacks context,0.0,0.0,0.0,,
237,"<MENTION> It's sad that even when you try to avoid these things they play these tricks. 

To offset this have had to find a specialty store for extra Virginia olive oil, etc.",1.5027480740991795e+18,Sustainable diets are healty,en,0,0.0,0.0,0.0,,
267,"<MENTION> Saute garlic in olive oil, add flour, whisk in stock and milk. Salt and pepper. Stir in parmesan. Toss with fettuccine. Topped with Parmesan and fresh parsley. Really happy with how it turned out.",1.5028558304372572e+18,Sustainable diets are healty,en,lacks context,0.0,0.0,0.0,,
63,they did not just use olive oil,1.5027546426729882e+18,Sustainable diets are healty,en,0,0.0,0.0,0.0,,
215,<MENTION> Classic opera sm yg mix fruit cheesecake,1.50305396450116e+18,Sustainable diets are healty,en,0,0.0,0.0,0.0,,
92,"Whole grains, fruits &amp; starchy vegetables that are rich in carbs are among the healthiest foods. Human civilizations thrive on whole grains like rice, wheat, millets etc. But processed carb rich sugar, maida etc can make permanently sick.",1.5021172777095373e+18,Sustainable diets are healty,en,1,1.0,1.0,1.0,implicit,expert
187,<MENTION> Eyo you got the recipe??? That looks so good!,1.5028623810258002e+18,Sustainable diets are healty,en,0,0.0,0.0,0.0,,
94,<MENTION> Eating veggies and fruits and legumes,1.5016861631820145e+18,Sustainable diets are healty,en,lacks context,0.0,0.0,0.0,,
3,"<MENTION> ""Yeah, this place is pretty nice. I don't really have a preference for food, but pork does make me feel a little sick. What about you?""",1.5030313848096072e+18,Sustainable diets are healty,en,1,0.0,1.0,1.0,implicit,
137,<MENTION> <MENTION> <MENTION> <MENTION> <MENTION> <MENTION> Ayyy love ya dog I‚Äôll bring the legumes,1.5023989005687357e+18,Sustainable diets are healty,en,0,0.0,0.0,0.0,,
136,"<MENTION> I could almost believe this, the poop part at least. It tracks pretty well with the green revolution of the 20th century, in part due to the increase in calories available thanks to synthetic nitrogen fertilizer. More food = more poop/more frequent poop. &gt;",1.5030387306002145e+18,Sustainable diets are healty,en,1,0.0,0.0,0.0,unrelated,
218,It‚Äôs so tapped but the main thing I look forward to about my nights off is all the food I can eat without feeling like I‚Äôm gonna look fat in my costume üòÇüòÖüò¢‚úåüèº,1.5030411857026785e+18,Sustainable diets are healty,en,0,0.0,0.0,0.0,,
83,"<MENTION> Sauce deats:
Blended 
-Beets
-Tomatoes
-Bell peppers
-Carrots
-Onions
-Garlic
-Olive oil",1.502732347954901e+18,Sustainable diets are healty,en,lacks context,0.0,0.0,0.0,,
217,"maybe mcd had like food poisoning, it was a sign for you not to eat it. stay positive am I right?!",1.50304133956642e+18,Sustainable diets are healty,en,0,0.0,0.0,0.0,,
65,ü™Ñ if you‚Äôre going out to eat tonight do not get steak it‚Äôll make you sick,1.503056449156567e+18,Sustainable diets are healty,en,1,0.0,1.0,1.0,implicit,
279,<MENTION> since both groups uses ads so i divert the topic to kcharts since its more organic than yt viewsü§∑‚Äç‚ôÄÔ∏èü§∑‚Äç‚ôÄÔ∏è,1.503029301352231e+18,Sustainable diets are healty,en,0,0.0,0.0,0.0,,
272,"<MENTION> Any kind of protein (meat, fish or something plant-based like lentils), a leafy green &amp; rice.",1.5026406560234947e+18,Sustainable diets are healty,en,1,0.0,1.0,-1.0,implicit,
114,"Carbohydrates are classified into simple and complex sugars.Our normal table sugar, sweets,icecream, cake icing are simple sugars with a very high glycemic index. 
Legumes(beans),yam,and grains are complex sugars.",1.502599099031462e+18,Sustainable diets are healty,en,lacks context,0.0,0.0,0.0,,
277,<MENTION> <MENTION> <MENTION> As per organic compound or what??üò≠üò≠,1.5030268636351078e+18,Sustainable diets are healty,en,0,0.0,0.0,0.0,,
74,"You can shove singles down people's throat forcefully, hoping that it sticks &amp; convert to an ""inorganic hit"". Concerts are a diff game altogether, ppl will come only if they are interested,can't force them like you force a song. JB can get a hit &amp; sold out tours. Organic King. üòÅ",1.5030074381232005e+18,Sustainable diets are healty,en,0,0.0,0.0,0.0,,
53,"High Protein Diet does not harm your kidneys.

Infact you were made to consume higher protein and fats than carbs.

Eat more meat, eggs, seafoods

Eat legumes, add Nutritional yeast to your diets

Avoid protein shakes.",1.5012856137141699e+18,Sustainable diets are healty,en,1,1.0,1.0,-1.0,implicit,expert
84,"<MENTION> Eat whole foods. 
Remove processed food
Remove seed oils, vegetable oils
Remove sugar
Remove bread, pasta, rice (grains) 
Eat organic if you can afford it
Fast",1.5025379416329667e+18,Sustainable diets are healty,en,1,0.0,1.0,0.0,implicit,
172,"<MENTION> It does, as long as you get something with tofu/soy. The ramen I got has miso soup which is made from soy and the others are made from tofu. Anything with tofu/soy is full of plant based estrogen. It's not as good as HRT of course but it helps to increase levels overtime.",1.5028143073183908e+18,Sustainable diets are healty,en,lacks context,0.0,0.0,0.0,,
214,"<MENTION> Heart-healthy diets are foods that are rich in nutrients which helps and manages the healthy functioning of the heart. They are mainly plant-based foods such as vegetables, fruits, nuts, whole grains, seeds and legumes.",1.5011713535709184e+18,Sustainable diets are healty,en,lacks context,0.0,0.0,0.0,,
52,"Concentrate on staples, dry goods, flours, grains, rice/legumes (together form a complete protein), baking needs, animal feeds. Store in plastic buckets/lidded trash cans. Next onto canned goods/meats/tuna/etc. SEEDS/garden supplies. Medicines. As time/$ allow spices, coffee, tea",1.5001139720239923e+18,Sustainable diets are healty,en,1,0.0,1.0,0.0,implicit,
181,"Pitta pacifying diet includes eliminating spicy, overly salty, oily foods. Increase green, leafy vegetables, whole grains and rice, and cooling spices like mint, fennel, coriander. Buttermilk after lunch is good too with a little ginger, cardamom.",1.500873608352174e+18,Sustainable diets are healty,en,1,0.0,1.0,1.0,implicit,
5,"<MENTION> green tea to start, diet coke, rockstar then pre workout is my recepie",1.5021396906145096e+18,Sustainable diets are healty,en,0,0.0,0.0,0.0,,
29,<MENTION> what‚Äôs the recipe of the ramen you made tonight?? It looks really good and I want to make it with my partner :),1.5028755142975324e+18,Sustainable diets are healty,en,0,0.0,0.0,0.0,,
62,<MENTION> Consumption of processed carbs sweets trans fats ..vs healthy daals legumes beans veggies and it's production availability palatability vs average Metabolic syndrome obesity diabetes ?,1.5011544157385196e+18,Sustainable diets are healty,en,lacks context,0.0,0.0,0.0,,
122,"<MENTION> Minestrone, crab chowder, vegetable beef and of course, the ubiquitous tomato soup.",1.5028488375090708e+18,Sustainable diets are healty,en,0,0.0,0.0,0.0,,
185,"<MENTION> you're all fucking shit
Everyone who is paid by the club isn't doing a good job, from the players, right down to the twitter admin, it's a joke, club needs sorting out but we've been saying that all year so what's the magic recipe to kick all these cunts up the arse",1.5030311244607242e+18,Sustainable diets are healty,en,0,0.0,0.0,0.0,,
202,<MENTION> My favourite food is vegetable Biryani,1.5028732827053875e+18,Sustainable diets are healty,en,1,0.0,1.0,0.0,implicit,
0,"<MENTION> When I was growing up I always felt like I wasn‚Äôt getting enough food not sure why, my mother only made enough for each person too have one serving but now I have an abundance of food I eat healthy and never put limits on what I can eat.",1.501224462418514e+18,Sustainable diets are healty,en,0,0.0,0.0,-1.0,,
93,"<MENTION> <MENTION> I have gone through a 6 month course in holistic health.

Stop counting carbs.

Just avoid preservatives and processed sugars.

Snack healthy. Fruits, nuts, 85% dark chocolate, any nut butter, whole grain cereals, buckwheat pancakes, tons of green veggies &amp; Gujarati food.",1.502914477347418e+18,Sustainable diets are healty,en,1,0.0,1.0,1.0,implicit,
210,<MENTION> Fruit/vegetable use like summer squash.,1.5029657896825037e+18,Sustainable diets are healty,en,0,0.0,0.0,0.0,,
200,"<MENTION> This is Filipino dish called Sinigang. Its basically pork, beef or fish stew with tamarind. My favorite dish of all time",1.5030238556311716e+18,Sustainable diets are healty,en,lacks context,0.0,0.0,0.0,,
146,"<MENTION> yuki ten are kissing there was meat to be a kumon ,/////////3 i love kuimopdfskdnfknagkldsngknfgfjgafdg I LOVE YOUR ART SO MUCH IM GOING TO CRY AND SHRIVEL AT UR FEET",1.5030485782849946e+18,Sustainable diets are healty,en,0,0.0,0.0,0.0,,
161,<MENTION> You need to eat a diet high in dark green leafy greens and colorful vegetables. Lean proteins. Lots of water with üçã. A good electrolyte powder. Read the labels of all prepared foods &amp; avoid high fructose corn syrup and food dyes. They sneak that stuff into everything even bread!,1.502024174134567e+18,Sustainable diets are healty,en,1,0.0,1.0,0.0,implicit,
111,"Making a big batch of Mujadarrah (lentils, rice, fried onions) and the onions browning in olive oil is making the house smell delectable.",1.5027595001677128e+18,Sustainable diets are healty,en,1,0.0,1.0,0.0,implicit,
192,"2. Prioritizing nutritious food üçéü•¨

Fruits, veggies, lean meats, whole grains and other high quality foods are going to keep you the most full

Which will help minimize the normal hunger that comes with reducing your calorie intake",1.5030408250890035e+18,Sustainable diets are healty,en,1,1.0,1.0,1.0,explicit,anecdotal
165,I need a plant based chef,1.502760596613202e+18,Sustainable diets are healty,en,0,0.0,0.0,0.0,,
221,<MENTION> She follows a mostly plant based dairy free diet.,1.5024907309499228e+18,Sustainable diets are healty,en,lacks context,0.0,0.0,0.0,,
270,"<MENTION> Grape, whole grains, proteins and any fruit that is more sweet than sour (bananas, peach, forest fruits)",1.501931876998533e+18,Sustainable diets are healty,en,lacks context,0.0,0.0,0.0,,
205,<MENTION> Nothing wrong with being a vegetable,1.5030424237353984e+18,Sustainable diets are healty,en,0,0.0,0.0,0.0,,
124,"<MENTION> <MENTION> Mind diet is fish, green veg, oil, berries, and a glass of wine a day. Not allowed red meat, fried food, sweets/cakes/pastries, butter and marg, cheese.",1.5012724963513713e+18,Sustainable diets are healty,en,1,0.0,1.0,1.0,implicit,
44,<MENTION> Almost zero plastic is recycled anywhere. Maybe the greatest thing we can do from home is buy as little plastic as possible. Multiple-use plastic is far better than single-use but should still be avoided. We try only to buy glass jars instead. Buy bulk and meat wrapped in paper.,1.5030685078559375e+18,Sustainable diets are healty,en,1,0.0,0.0,0.0,unrelated,expert
255,"Overheard at my local organic food mart.
A: ""Russia invaded Ukraine.""
B: ""I know, but they have an app for that.""
Still scratching my head.",1.5030361204220436e+18,Sustainable diets are healty,en,lacks context,0.0,0.0,0.0,,
207,<MENTION> Even vegetable to see #100 don dey scarce  üòÇüòÇüòÇüòÇ,1.5029129311551365e+18,Sustainable diets are healty,en,0,0.0,0.0,0.0,,
103,"<MENTION> <MENTION> I've had great success with the standard whole food, plant based diet. Imp to both eliminate/restrict inflammatory foods and increasing fruits, legumes, veggies and grains.  Low sugar, salt and oil.  Lots of specific foods like mushrooms are particularly good for the brain.",1.503008462107648e+18,Sustainable diets are healty,en,1,1.0,1.0,1.0,explicit,anecdotal
213,"<MENTION> <MENTION> I used both frozen turkey and chicken because I wanted both taste in the sauce..
Ingredients 
1: Mushroom( if you are in uk, you can get already sliced mushroom at Lidl)
2: Carrots
3: sweet corn
4: Red, yellow and green sweet peppers ( hives the food the best aroma)",1.501939438074536e+18,Sustainable diets are healty,en,lacks context,0.0,0.0,0.0,,
258,"<MENTION> <MENTION> <MENTION> <MENTION> <MENTION> <MENTION> You have no fucking point. Veganism is about doing one's best when possible to do so. In a survival situation, it is not non-vegan to kill and eat an animal. DIG?!",1.5020125883470356e+18,Sustainable diets are healty,en,1,0.0,0.0,0.0,unrelated,
156,"<MENTION> ORGANIC GHOSTS..

<MENTION> <MENTION> <MENTION> <MENTION> <MENTION> <MENTION> <MENTION> <MENTION> <MENTION> <MENTION> <MENTION> <MENTION>",1.5030064214868337e+18,Sustainable diets are healty,en,0,0.0,0.0,0.0,,
269,want to pull a winona at whole foods bc why not,1.5025359781450506e+18,Sustainable diets are healty,en,0,0.0,0.0,0.0,,
271,"<MENTION> <MENTION> 
#ShareYourHealthSecret
Carbohydrate found in whole grains,fruits &amp; vegetables.Fat found in dairy products &amp; nuts .Protein found from fish,eggs,chicken.The whole meal contains Vitamin A,B,C,D,E,K &amp; some nutrients. 

<MENTION> 
<MENTION> 
<MENTION>",1.5019788713566044e+18,Sustainable diets are healty,en,1,0.0,1.0,0.0,implicit,
191,"<MENTION> <MENTION> 1. (Almost) no sugar
2. No seed oil, only fruit oils like coconut, avocado, olive oil OR animal fat, butter, lard etc.
3. (Almost) no refined carbs. 
Eat whole foods, liver, meat,",1.5024314803282944e+18,Sustainable diets are healty,en,1,0.0,1.0,-1.0,implicit,
153,"<MENTION> You can achieve that only focusing on food, however sport will help a bit, but not so much.

Focus on your calorie intake. Cut it by 10-20% of your norm (more &gt; faster weight loss &gt; less healthy &gt; more probability to return after). Eat a healthy amount of protein. Sleep well.",1.501458373979607e+18,Sustainable diets are healty,en,1,0.0,0.0,0.0,unrelated,
43,"<MENTION> Simulation
Emergency departments
Board games
Judaism
Vegetable/herb gardening
Knowledge management
Planning
Risk assessment 
Parenting
Preemies
Sci fi / dystopian / multiverse fiction
Dog training
Personal development
Harm reduction
Language
Veganism
general nerdery and geekery",1.5024806862756004e+18,Sustainable diets are healty,en,0,0.0,0.0,0.0,,
227,"<MENTION> First Beat your meat, then start planning on an Empty tank with Post Nut Clarity",1.5030628131698278e+18,Sustainable diets are healty,en,0,0.0,0.0,0.0,,
164,"sw. probably like 45.9kg
end gw. ~43kg or less

small amounts of sweets and dairy
eat healthy foods (whole food, no junk/fast foods, etc)
4litre of water a day
workout everyday

if you  [need]  to, eat a little over limit to prevent binge. but work excess  [all]  off!",1.5025010546211348e+18,Sustainable diets are healty,en,0,0.0,0.0,0.0,,
123,"<MENTION> Off hunger and help burn fat. I do a bulletproof coffee most mornings. That won't spike blood sugar. You can google that. 

3. Nutrient/calorie dense foods. Avocados, olive oil, nuts (except peanuts/cashews), sauerkraut/kimchee for gut bugs, lots of greens and deep colored vegs",1.503046546761425e+18,Sustainable diets are healty,en,1,0.0,1.0,1.0,implicit,
90,"<MENTION> <MENTION> <MENTION> <MENTION> <MENTION> You wrote stuff about vegans having cheat days as well. So you also make assumptions, but cheat days could only be part of a plant based diet for health etc., but not a vegan lifestyle for the animals, since you don't cheat on your values. And a vegetarian eating 100% pb is rare",1.5025255762713027e+18,Sustainable diets are healty,en,1,0.0,1.0,0.0,implicit,
247,<MENTION> LMFAO tho interesting fact is my backyard has every vegetable and fruit you can find at a grocery store and herbs too!! And I usually use the food from my garden to make my meals LOL but ill be glad to make your meals everyday very wholesome uwu ‚ú®,1.500984600973103e+18,Sustainable diets are healty,en,lacks context,0.0,0.0,0.0,,
101,"<MENTION> <MENTION> You don't need to supplement with B12/iron unless low. It's a myth even some vegans promote. Iron: red kidney beans, leafy greens. B12: nori seaweed (sushi), nutritional yeast, Marmite. Loads of mock meats are fortified. Lysine: nuts, seeds, legumes.",1.5014239420574802e+18,Sustainable diets are healty,en,1,1.0,1.0,1.0,implicit,expert
131,"How to be more attractive in 10 days:

- Eat real, unprocessed whole foods
- Let go of perfectionism
- 2L of water daily
- Take cold showers
- Take vitamin C",1.502665989791568e+18,Sustainable diets are healty,en,1,0.0,1.0,0.0,implicit,
91,"<MENTION> Coffee made using plant based milk like almond milk, coconut milk, cashew milk, etc",1.5029227567315067e+18,Sustainable diets are healty,en,lacks context,0.0,0.0,0.0,,
264,Poverty will make you think you have to finish the whole grains before tasting the meat(s) üò≠,1.5020533116247532e+18,Sustainable diets are healty,en,lacks context,0.0,0.0,0.0,,
78,"<MENTION> <MENTION> I still love the band (and album art), but I‚Äôm just not vegan anymore so I‚Äôm glad I didn‚Äôt commit any veganism-specific ink to my skin!",1.501838890390659e+18,Sustainable diets are healty,en,0,0.0,0.0,0.0,,
79,"<MENTION> Tried eating plant based for a month with my niece for health. I felt so wonderful and better with my relationship with food immediately. Watched a few docs, mourned over the animals and now its been 2 years in July for the animal, planet, my health. Yummy food. Love it‚ù§",1.5026321379540582e+18,Sustainable diets are healty,en,1,0.0,1.0,1.0,implicit,
41,"<MENTION> Think of it like cuisine; you're not trying to master every recipe possible. TouchDesigner is a playground of immense kitchen equipment and tools and pots &amp; pans... but if you just want to make a really good apple pie, then start with just that. Learn about peeling apples first.",1.5026615596587172e+18,Sustainable diets are healty,en,0,0.0,0.0,0.0,,
171,"<MENTION> The inflammation I experience is systemic, not just gut.
I also take a probiotic daily. (I also have microscopic colitis; this was recommended by my gastro.)
I do not tolerate FibreOne or Metamucil, but eat lots of chickpeas and other legumes.",1.501330346557653e+18,Sustainable diets are healty,en,1,0.0,0.0,0.0,unrelated,
8,"<MENTION> I watched what the health then went plant based, animal welfare made me go vegan",1.50254936987426e+18,Sustainable diets are healty,en,1,1.0,1.0,1.0,implicit,anecdotal
211,"<MENTION> Chicken vindaloo, vegetable samosa, pilau rice, papadum",1.5029245318911631e+18,Sustainable diets are healty,en,0,0.0,0.0,0.0,,
189,"Hi, Steve from Dartmouth. Our dog is currently in liver failure, and our vet is going through a list of possible causes. Recently started a raw food diet and wondering if there is history for raw food causing bacterial infections?",1.500878202159485e+18,Sustainable diets are healty,en,0,0.0,0.0,0.0,,
219,fuck this im goin back to league of legumes,1.5023632833949082e+18,Sustainable diets are healty,en,lacks context,0.0,0.0,0.0,,
7,CAN THE BASEBALL TOO BAD. INCORRECT. ALLOCATE SORRY SAN ANTONIO ALL THE HORSES FARTY MICROSOFT ARTIFICIAL INTELLIGENCE BRIAN CLOUGH UKRAINIAN APEX LEGENDS AVON SUGAR DADDY HANDMADE TURD CROCHET SARDINES IN OLIVE OIL TUSH OF BELLY BUTTONS. SYNERGY FRONDESCENCE CRYPTOCURRENCY,1.5030407052114248e+18,Sustainable diets are healty,en,0,0.0,0.0,0.0,,
27,<MENTION> <MENTION> <MENTION> Helloooo!! So do u like my offer for cow :),1.5030502488177172e+18,Sustainable diets are healty,en,0,0.0,0.0,0.0,,
148,days like these i wanna order food,1.5030584310785393e+18,Sustainable diets are healty,en,0,0.0,0.0,0.0,,
121,"<MENTION> <MENTION> All packet stuff, milk, chocolate cereal, ready meals. You know, all the healthy food.",1.502645244004819e+18,Sustainable diets are healty,en,lacks context,0.0,0.0,0.0,,
102,"<MENTION> Nordic diet is less processed food. Meat and milk form healthy naturally bred cows not on steroids, lots of grass fed also in ‚Äúfactory farming‚Äù, trans fats banned.",1.5027582061367951e+18,Sustainable diets are healty,en,1,1.0,1.0,-1.0,implicit,anecdotal
30,"Bad Diet: when you're at home, eat only legumes. When you're eating socially, eat no wine",1.5014533123982787e+18,Sustainable diets are healty,en,lacks context,0.0,0.0,0.0,,
238,"<MENTION> <MENTION> <MENTION> <MENTION> Yes it does, are you performing project when you order a steak and then predict the steak will come out ? A prophesy cannot be known to or achievable by ppl working toward it on thier own, the only way it‚Äôs prophesy is if luffy is actually pirate jesus reincarnated joyboy",1.503018622050087e+18,Sustainable diets are healty,en,0,0.0,0.0,0.0,,
226,<MENTION> I like that the veganism came after being a landlord. Like they were trying to balance out the bad lol,1.5020330028844728e+18,Sustainable diets are healty,en,0,0.0,0.0,0.0,,
259,<MENTION> Ya but at the end of the day your regular eateries aren‚Äôt switching to Veganism so you‚Äôre still indirectly supporting animal cruelty right? Eating honey doesn‚Äôt hurt the bees it‚Äôs not like dairy. and local small honey batches don‚Äôt impact biodiversity per thorough research,1.502012551198122e+18,Sustainable diets are healty,en,lacks context,0.0,0.0,0.0,,
140,"<MENTION> <MENTION> It's like a baseline. You season EVERYTHING with salt and pepper and then add more shit depending on what you're cooking. I put salt and pepper on chicken, steak, pasta, rice, mac and cheese, mashed potatoes, veggies, just about everything",1.5030451624019927e+18,Sustainable diets are healty,en,1,0.0,0.0,0.0,unrelated,
59,Good morning! I followed a bit more ppl back but I'm now on a short follow limitüòÇ but holy cow we already passed 300 during the night thanku and hi new moots ü•∞‚ò∫Ô∏èüíúüíúüíúüíú,1.5030579391873106e+18,Sustainable diets are healty,en,0,0.0,0.0,0.0,,
36,<MENTION> thinking back on a recipe he read just the other day in good housekeeping and wondering if he can do a twist on it with what he's already got in the fridge,1.5026745795248292e+18,Sustainable diets are healty,en,0,0.0,0.0,0.0,,
26,<MENTION> <MENTION> <MENTION> <MENTION> <MENTION> <MENTION> <MENTION> <MENTION> render,1.503032959242285e+18,Sustainable diets are healty,en,0,0.0,0.0,0.0,,
12,"<MENTION> <MENTION> <MENTION> <MENTION> <MENTION> <MENTION> <MENTION> <MENTION> <MENTION> <MENTION> <MENTION> <MENTION> <MENTION> <MENTION> <MENTION> <MENTION> <MENTION> <MENTION> <MENTION> <MENTION> <MENTION> <MENTION> <MENTION> <MENTION> <MENTION> <MENTION> <MENTION> <MENTION> <MENTION> <MENTION> <MENTION> <MENTION> <MENTION> <MENTION> <MENTION> <MENTION> <MENTION> <MENTION> <MENTION> <MENTION> <MENTION> <MENTION> <MENTION> <MENTION> <MENTION> <MENTION> <MENTION> <MENTION> <MENTION> <MENTION> I knew you could. 

#DanceMonkeyDance",1.5030489714676e+18,Sustainable diets are healty,en,0,0.0,0.0,0.0,,
260,"<MENTION> Nuts, fresh veggies, whole grains.  Wegmans, Mejiers, Whole Foods, Trader Joes, Walmart Super Stores, believe it or not. Organics preferred. The *good* stuff.

Multi-mineral, Multi-vitamin tablets.

Exercise. Chew everything *well*. Lots of water.

Results guaranteed.",1.5007441873393295e+18,Sustainable diets are healty,en,lacks context,0.0,0.0,0.0,,
273,"<MENTION> Supplements: 

Gold C Vitamin C
Biotin 10000mcg
Kirkland fish oil
Aishi tokyo - this is vit c with gluta

And a lot of water + whole foods lately. Also trying to avoid sodium and fast food",1.5025995159747953e+18,Sustainable diets are healty,en,0,0.0,0.0,0.0,,
15,"<MENTION> <MENTION> Instant connection with family breakfast in Bogot√°. Pair with a hot frothy mug of chocolate, hard to beat. The recipe is really good, thanks for posting.",1.5026260364790129e+18,Sustainable diets are healty,en,0,0.0,0.0,0.0,,
125,<MENTION> They fruit better and they bogo deals go in,1.503050677865562e+18,Sustainable diets are healty,en,0,0.0,0.0,0.0,,
2,<MENTION> Where can I get this Vegetable bro <MENTION>,1.5030540686123172e+18,Sustainable diets are healty,en,0,0.0,0.0,0.0,,
193,Fruit in the morning is always good and sweet,1.5030480274638397e+18,Sustainable diets are healty,en,1,0.0,1.0,0.0,implicit,
198,man when people bored tweet on here they sound so raunch. Time to get a life people. time to get a life.#music #trending #art #radio #news #twitch #news #business #food #livestream #healthy #housemusic  #fashion #magazine #racing #cars #anime #rap #Hiphop #facts,1.502999173754499e+18,Sustainable diets are healty,en,0,0.0,0.0,0.0,,
235,update for everyone: changing my favorite food from green beans to cucumber,1.5017553617658593e+18,Sustainable diets are healty,en,0,0.0,0.0,0.0,,
96,<MENTION> Dude doesn‚Äôt even like his steak well done he likes it congratulations,1.5030462145389036e+18,Sustainable diets are healty,en,1,0.0,1.0,-1.0,implicit,
24,"Contains anti-inflammatory properties.
Support Skin and Hair Health.
Support Joint Health.
Support the health of your heart.
Support Blood Sugar Levels.
Are completely safe with no side-effects.
Are completely plant-based and vegetarian friendly.",1.5025100385979146e+18,Sustainable diets are healty,en,1,0.0,0.0,0.0,unrelated,
6,<MENTION> Also rub them with olive oil.,1.5030283172676772e+18,Sustainable diets are healty,en,0,0.0,0.0,0.0,,
216,"All my friend does is talk about food, she finally let me see her birth chart and she has NO TAURUS placements. I‚Äôm so damn confused. Bamboozled! Hoodwinked!! Like huh ?? üò≠",1.5030415052038267e+18,Sustainable diets are healty,en,0,0.0,0.0,0.0,,
54,"chance of
becoming obese, or developing
diabetes or high blood pressure
‚Äì all factors that can trigger
a heart attack. Instead of eating
processed meats, diary food
and other refined foods that clog
your arteries with fat,
switch to a plant based diet.",1.5025658684416778e+18,Sustainable diets are healty,en,1,1.0,1.0,1.0,implicit,expert
162,"<MENTION> <MENTION> Some on regular rotation...

Pasta gulagia which is just a simple olive oil and tomato dish.

Cauliflower pasta.

Shrimp pasta.

Breaded pork chops and mashed potatoes.

Chicken soup.

Cubed pan fried chicken and broccoli.

Chicken cutlets and kale.

Those off the top of my head.",1.5027735700359864e+18,Sustainable diets are healty,en,0,0.0,0.0,0.0,,
236,"Dinner tonight, collard green zucchini brussel sprouts baked with olive oil lemon and lime and a pork roast.",1.5027479431782236e+18,Sustainable diets are healty,en,lacks context,0.0,0.0,0.0,,
77,"Heya, Miriam! You really look like you need sweet potatoes with a baked potatoes and a side of melodic topinambur covered in plant-based spit from Ohio",1.5026250055693967e+18,Sustainable diets are healty,en,lacks context,0.0,0.0,0.0,,
115,"Here's a delicious lunch, fettuccine with broccoli, that takes 5 minutes to make. Make sure to use a super high quality extra virgin olive oil from Greece or Sicily. This is the type of stuff I make when I only have 15 mins 2 eat. Short staffed today. Gotta scarf N go.",1.502728706678268e+18,Sustainable diets are healty,en,1,0.0,1.0,1.0,implicit,
126,"<MENTION> <MENTION> I am NOT a plant based eater, but Im sure I'd body that plate tho.",1.5027109802743726e+18,Sustainable diets are healty,en,0,0.0,0.0,0.0,,
45,"<MENTION> listen. 
apples are a better fruit to eat.
BUT
orange juice is superior to apple juice",1.5030609842603008e+18,Sustainable diets are healty,en,1,0.0,0.0,0.0,unrelated,
120,"<MENTION> <MENTION> Yes but what does butter offer that others foods don't?

High in cholesterol.
Unhealthy fats.
Beta-Carotene can be found in yellow, orange, and green leafy fruits.
All the vitamins can be taken with a Multivitamin or already in your diet.",1.50183225867998e+18,Sustainable diets are healty,en,1,0.0,1.0,0.0,implicit,
275,"<MENTION> What's this from?
Fruit basket??",1.503037427178705e+18,Sustainable diets are healty,en,0,0.0,0.0,0.0,,
222,Attention anyone that is suffering from long-haul Covid. It seem that inflammation is the culprit. A whole foods plant based diet will eliminate inflammation in your body. Eating animals causes inflammation. Plants have anti- inflammatory properties.üå±üåç,1.5026188635188634e+18,Sustainable diets are healty,en,1,1.0,1.0,1.0,implicit,anecdotal
169,meat-creature! please consume naturally occurring atmospheric gases. thank you hu-man.,1.5030607257485353e+18,Sustainable diets are healty,en,lacks context,0.0,0.0,0.0,,
49,<MENTION> Okay so I need an ice cup &amp; a steak,1.5030311329458872e+18,Sustainable diets are healty,en,lacks context,0.0,0.0,0.0,,
69,"I hate green pepper! I won't forgive you if you put it in my food, Satsuki!",1.5021543695168594e+18,Sustainable diets are healty,en,1,0.0,1.0,-1.0,implicit,
10,"I had only texted this man for 3 days, and he started sending me his t-shirt, pants AND shoe size‚Äôs .. Nigga, you couldn‚Äôt get a 35¬¢ pack of ‚ÄúJuicy Fruit‚Äù from me, is you crazy? That shit was hella random too, like he just KNEW I would cop him something?? LMAO. ü§£üíÄ",1.5030638190814577e+18,Sustainable diets are healty,en,0,0.0,0.0,0.0,,
166,Bruh they put kiosks in Steak ‚Äòn Shake now???,1.503024641941594e+18,Sustainable diets are healty,en,0,0.0,0.0,0.0,,
33,"1. Ditch ultra-processed food.

These are the heavily-advertised factory foods that come in boxes and bags and are sold in the middle aisles of your supermarket.

Main ingredients are sugar, seed oils, and refined grains. Avoid them.

Eat real whole foods",1.5029907771100815e+18,Sustainable diets are healty,en,1,1.0,1.0,1.0,implicit,anecdotal
119,<MENTION> Aye them mfs EAT ü•¥ we had one and I feel like food was too damn expensive,1.5030247044074496e+18,Sustainable diets are healty,en,0,0.0,0.0,0.0,,
72,"<MENTION> peanuts, tree nuts, and legumes (peas, chickpeas, beans, lentils, etc.)",1.5025051681679647e+18,Sustainable diets are healty,en,lacks context,0.0,0.0,0.0,,
19,<MENTION> <MENTION> <MENTION> <MENTION> <MENTION> <MENTION> <MENTION> <MENTION> <MENTION> <MENTION> <MENTION> <MENTION> <MENTION> <MENTION> <MENTION> <MENTION> <MENTION> <MENTION> <MENTION> <MENTION> <MENTION> <MENTION> <MENTION> <MENTION> <MENTION> <MENTION> <MENTION> <MENTION> <MENTION> <MENTION> <MENTION> <MENTION> <MENTION> <MENTION> <MENTION> <MENTION> <MENTION> <MENTION> <MENTION> <MENTION> <MENTION> <MENTION> <MENTION> <MENTION> <MENTION> <MENTION> <MENTION> <MENTION> <MENTION> <MENTION> I did not confirm nor deny who I am. Because this thread has eyes.,1.5030404691518464e+18,Sustainable diets are healty,en,0,0.0,0.0,0.0,,
132,"<MENTION> <MENTION> AND food, water, medicine, 1st aid supplies, pet food, salt, vinegar, alchohol.

A lot of people think putting away food means cans, but that expires.

Dehydrated, freeze dried. Lasts for years.

Beans, lentils, legumes, rice, dry pasta, dry fruit/veg, nuts, quinoa, sugar, flour.",1.500539192484393e+18,Sustainable diets are healty,en,1,0.0,0.0,0.0,unrelated,
278,Y‚Äôall not organic or original with the post,1.5030280209316127e+18,Sustainable diets are healty,en,0,0.0,0.0,0.0,,
263,"<MENTION> This one is called ‚Äòbhabhraa‚Äô. Bachka is a single-vegetable, single-slice thing (usually if brinjal, kaddu, and potato).",1.5028615878031114e+18,Sustainable diets are healty,en,lacks context,0.0,0.0,0.0,,
233,"<MENTION> <MENTION> <MENTION> High levels of phytic acid which is anti nutirent,the whole grains cause inflammation and arterial plaque,whole grains contain many toxins including arsenic",1.502066997210792e+18,Sustainable diets are healty,en,1,1.0,1.0,-1.0,implicit,anecdotal
229,"<MENTION> <MENTION> Gambling over Boar Goat (The King of Meat) ü§£ü§£ü§£.

Na to just dey look ooo...",1.5030628085226373e+18,Sustainable diets are healty,en,0,0.0,0.0,0.0,,
64,"Nutrition - Iron

Function:

- Needed for red blood cells. 
- Required for normal metabolism. 
- Needed for immune system. 

Sources:

- Meat. 
- Liver. 
- Bean. 
- Nuts. 
- Dried Fruits. 
- Whole Grains. 
- Dark Green Leafy Vegetables.",1.5019007704086077e+18,Sustainable diets are healty,en,1,1.0,1.0,1.0,implicit,expert
14,"<MENTION> I switch up proteins, veg, &amp; starches daily. Beef, pork, chicken, fish, breads, rice, noodles, corn. The potential combinations are endless &amp; my only rule is ""Never the same protein or starch 2 days in a row."" Legumes are used often &amp; don't count as a primary protein. Meat eaters",1.5016548386852987e+18,Sustainable diets are healty,en,1,1.0,1.0,-1.0,implicit,anecdotal
