,tweet_id,labels,claim_expert1,evidence_expert1,argumentative_expert2,claim_expert2,evidence_expert2,tweet
0,1178318550508982272,0,0,0,0,0,0,"@FrReschke F√ºr mehr Diskussionskultur und Aufkl√§rung bitte hier beteiligen: ‚ÄûAlle ""Klima-Politiker (m/w/d)"", alle ""Klima-Aktivisten (m/w/d)"", das IPCC: Stoppt die Klima-L√ºge‚Äù - Jetzt unterschreiben! https://t.co/ct6C1jReVQ via @ChangeGER"
1,1178939737719164929,1,1,1,1,1,0,"@krk979 ja und heute gehts nur noch um Klima, Nachhaltigkeit und CO2. Die Menschen, die das bezahlen sollen als ""Vorbild"" sind egal."
2,1178744028726284289,1,1,0,1,1,0,"@DerMotzmichel @ArasBacho Echt jetzt? Wer nicht bei der Klima-Hysterie mitmacht ist ein Nazi? ü§¶üèº‚Äç‚ôÇÔ∏è
Dann haben wir verdammt viele in der Welt."
3,1177149399975301120,0,0,0,0,0,0,"@Freizeitgraf @peanut_nme @ChristJesses @frank_musshoff @ulfposh @welt Da kommt jemand und spricht √ºber Klima und die Zeitung berichtet und dann reden alle √ºber Kindererziehung.
üòÇüòÇ"
4,1179825533280014336,1,1,1,1,1,1,"@keklumpp @ZeitW Das Thema Klima wird auch f√ºr Masseneinwanderung missbraucht. Ich hab damals schon gesagt. Wenn du es schaffst Klima richtig zu etablieren, dann kannst du alle Interessen durchsetzen, die du willst. Ohne Begr√ºndung. Du sagst einfach wegen Klima. Fertig. Das w√§re ideal."
5,1178367274236952577,1,1,0,1,1,1,"@Karl_Lauterbach Wenn ihr meint einer Bewegung nachzulaufen, einer Bewegung gr√∂√ütenteils finanziell besser gestellt mit kaum sozialer Empathie f√ºr weniger Privilegierte, wird das b√∂se enden mit der #sPD. #Klimapaket #FridaysforFuture"
6,1179694193343643648,1,1,0,1,1,0,"@Vontobel @EurasiaGroup Das ist ziemlich Latte, wenn uns das Klima um die Ohren fliegt..."
7,1180117167683047424,1,1,0,1,1,0,
8,1179275649883750401,0,0,0,0,0,0,"@ProSieben @officiallyjoko @damitdasklaas ..
..aber was sagt denn da das ""goldene Kalb"" #Klima #KlimaNotstand #KlimaSchutz #KlimaDemo #KlimaHysterie dazu..??"
9,1177148985871687680,0,0,0,0,0,0,"@HannoSettele @Kachelmann @rahmstorf @SPIEGELONLINE @LH_Potsdam Worum geht's hier eigentlich immer? Ich hab irgendwie den Beginn dieser ""Diskussion"" verpasst &amp; hab mich dann nimma fragen getraut. Aber wenn ich's richtig verstehe, dann sagt @Kachelmann dass Klimasch√ºtzer nicht glauben Holz√∂fen w√§ren sch√§dlich f√ºrs Klima, oder. Woher kommt das?"
10,1178252466678325254,1,1,0,1,1,0,@BShojaeian @Joerg_Meuthen @groenemeyer Noch so ein manipulierter Klima-Apokalyptiker
11,1180001890320470017,1,1,0,1,1,0,"@Disfosgen @welt Deswegen ist es ja so kriminell, wenn unsere W√§lder im Namen von ""KLIMA!"" von den Gr√ºnroten oder den Gr√ºnschwarzen f√ºr unrentable #Windkraftwerke abgeholzt werden‚ÄºÔ∏è"
12,1177252052596137989,1,1,0,1,1,1,"@Beatrix_vStorch W√§hrend Deutschland aus Klima-Angst den technologischen R√ºckschritt wagt, geht China voran. Und sicher wird aus H√∂flichkeit nur hinter vorgehaltener Hand √ºber Deutschland gelacht und man wei√ü, dass ein globaler Konkurrent bald sich selbst erledigt hat!"
13,1178066229229174791,1,1,0,1,1,0,"@ereduverseau @_annemal_ @RegSprecher @HBraun ""Ihr Buch zeigt, dass sie lange vor ihrer Kanzlerschaft die Herausforderungen der Klima- und Umweltpolitik erkannte. Inzwischen regiert sie Deutschland seit 2005 und von all dem, was sie schon 1997 f√ºr n√∂tig erachtete, ist nur ein kleiner Teil umgesetzt."" https://t.co/KzaJpGmQBC"
14,1177612210656428034,1,1,0,1,1,1,"@BrunchLP @Ecki195 @AfD @Joerg_Meuthen Du kapierst es nicht oder? Ich kann nicht als Politiker was fordern, was ich selbst nicht einhalte. Ich habe nichts dagegen, was f√ºr die Umwelt und f√ºrs Klima zu tun, mich st√∂rt diese Hysterie und das alles sofort sein muss. Wieso nicht vor 10 Jahren?"
15,1177226064629829632,1,1,0,1,1,1,
16,1177575647176200194,1,1,0,1,1,1,"@Luisamneubauer Das sind halt nur noch ein paar tausend weitere gehirngewaschene Opfer der Klima-Sekte, die man da auf die Stra√üe getrieben hat. 
Die Milliarden Menschen,die nicht daran glauben,und die keine Lust haben ein paar Raffz√§hne f√ºr ihre unbewiesene Theorie zu bezahlen, sieht man nicht."
17,1180055507589050368,0,0,0,0,0,0,
18,1177333706161295367,1,1,1,1,1,1,@ErikMarquardt @tobybaier #Klimaschutz ist  eins der wichtigsten Themen nur wird es nicht durch Verbote und Entzug gel√∂st. Nicht viele wolle  aufgeben was Generation durch Innovationen aufgebaut haben. Nicht verboten sonder der Mut zur Neuentwicklung sind ein Teil der L√∂sung
19,1178393784066945024,1,1,1,1,1,1,
20,1179107432129273856,0,0,0,0,0,0,
21,1176954434057900037,1,1,1,1,1,1,"@ryhminsimon @Nils22527082 @Heimatverbunde1 @ralph_kuhs @OliverJanich @ZDF Das Klima der Erde wird seit 120 Jahren immer k√ºhler, ein Zusammenhang zwischen CO2 und der Temperatur ist nicht erkennbar. Eine kontroverse Debatte zu diesem Thema wurde bisher im √∂ffentlichen Raum noch nie gef√ºhrt. Es ist alles Lug unt Trug um den menschengemachten Klimawandel. https://t.co/AD2hYTfxh4"
22,1178595169605750784,1,1,0,1,1,0,"@lainee42 @BILD Da k√∂nnen sich jetzt alle k√ºnstlich aufregen, dass der Herr ja Wissenschaftler sei, bzw gar nicht den menschengemachten Klimawandel leugnen w√ºrde und trotzdem ignorieren sie dabei, dass allein schon der Begriff ""Klima-Greta"" dazu dient, von vorn herein Meinung zu generieren..."
23,1178451326646308872,1,1,0,1,1,0,"@lcoygermany @RebeccaLFreitag @LCOYNL @coychile @piajorks @AnnaBaeuerle @AllinforClimate @gr_rapha @lcoypoland @CANIntl @WWF_Jugend Bei Handlungsoptionen steht dann hoffentlich, dass CO2 keinen Einfluss auf das Klima hat und man sich gegen diese Verschw√∂rungstheorie wehren soll üòâ am besten, man besteht auf eine Debatte mit @OliverJanich #oliwillreden"
24,1178313618414342145,1,1,1,1,1,1,"@Volkhard_Wille @BauerWilli_org @NABU_de #Insektenschutz, #Klimaschutz. geht nur mit den Landwirten. Wenn den Landwirten keine Luft zum Atmen gelassen wird, ist kein Spielraum mehr f√ºr Insekten- und Klimaschutz. Au√üerdem sind wir einer der wenigsten Bereiche, wo CO2 gebunden wird. Sollten wir da nicht zusammen arbeiten?"
25,1177183509208883200,1,1,1,1,1,1,
26,1178569739280486406,1,1,1,1,1,1,@Einzelfallinfos Warum steigt unsere Bundeswehr und alle unsere rettungstruppen nicht gleich auf Pferde mit Kutsche ?!? Oder zu viel tierqu√§lerei? Dann doch lieber das EBike...ja genau.das w√§re super f√ºr das Klima! krankes Deutschland. Wann endet das endlich ?
27,1177597527018868736,1,1,1,1,1,1,
28,1177632417840021505,1,1,0,1,1,0,"@TerliWetter @JanAlbrecht Die interaktiven Visualisierungen hier im Artikel sind auch ... heftig &amp; erschreckend!
https://t.co/9jG3ClqEng"
29,1179054711783264258,1,1,1,1,1,1,"@FridayForFuture @NewSpider1970 Wieviel Einfluss hat das auf das Klima? Selbst wenn wir heute Netto Null erreichen w√ºrden, werden 800 neue Kernkraftwerke gebaut. Und der Zusammenhang Mensch-Klima ist unbewiesen #Climategate #FridaysForHubraum"
30,1178034521721245696,1,1,0,1,1,0,
31,1177613470931570693,0,0,0,0,0,0,@Jumpsteady @langalex #Klima #meeresspiegel #meeresspiegelanstieg #ignoranz #erw√§rmung https://t.co/koZp9yZqUH
32,1178250044505493504,1,1,1,1,1,1,@agentsinaction @Clauduella_ella @rahmstorf @parents4future @sciforfuture @FridayForFuture @Fridays4future Nene nur √ºber das Klima und nein w√ºrden sie nicht! Deswegen Debatte!
33,1177624746978099200,0,0,0,0,0,0,@FFF_Koeln Nun der Beweis zur Vermutung: #fff will unter dem Deckmantel des #Klimaschutz  nichts weiter als den #sozialismus mit extrem linken Organisationen durchsetzen.
34,1176822711437463553,1,0,1,1,0,1,"Die IPCC-Wissenschaftler betonen, dass diejenigen, die am wenigsten f√ºr den Klimawandel verantwortlich sind, am st√§rksten von den Ver√§nderungen im Ozean und in der Kryosph√§re betroffen sind. #Klimawandel #IPCC #SROCC"
35,1179137861016281089,1,1,1,1,1,1,@a_nnaschneider Ich bin mit dem Klima zufrieden wie es ist und wie es kommt! F√ºr mich braucht niemand und schon garnicht auf meine Kosten das Klima zu retten!
36,1180038641130840064,1,1,1,1,1,1,"@razerrath @WernerFuchs_CH @solarpapst @DB_Bahn @glouki @VCDeV @sciforfuture @PIK_Klima @maithi_nk @Luisamneubauer @carla_reemtsma -weniger Autos
-LKW-Transport-CO2 = 5 x Bahntransport-CO2 -&gt;G√ºter auf die Bahn
-kleinere Autos f√ºr den Rest-Verkehr

Letzteres insbesondere f√ºr den Pendler. Sein Interesse: warm und trocken auf die Arbeit zu kommen - 
 ist daf√ºr eine 5sitzige Familienkutsche notwendig?"
37,1176926053329264641,1,1,1,1,1,1,"@PrimeLindner @doenerspiess Menge und Preis sind ja zwei voneinander abh√§ngige Parameter. Begrenzt man die Menge, steigt der Preis; erh√∂ht man den Preis, sinkt die Menge.

An welcher der beiden Schrauben man dreht, ist mir und dem Klima herzlich egal."
38,1177807245670801409,1,1,1,1,1,1,"@EndosListener @hschmalzl @M_T_Franz Ihre Aussagen sind #FakeNews. Das Gegenteil ist richtig.
sogar wenns richtig w√§re w√ºrde es an den  FAKTEN:
Nur Kernkraft ist Klima-, Umwelt &amp; menschenfreundliche Energiequelle 
nichts √§ndern. 
Sie sind nicht gut informiert. Mehr Infos zu den Fakten hier: https://t.co/cXtrR239ea"
39,1180154525895872515,0,0,0,0,0,0,"@the99100 Nee, ich hab Klima und Ministerien"
40,1178697254082879489,1,1,0,1,1,0,@dannymcneil26 @Regina01589661 @DanijelMajic @AlfimWesten Die Linken regieren seit 10 Jahren in Brandenburg mit. Da ist wenig f√ºrs Klima passiert...
41,1178230040598863872,1,1,0,1,1,0,"@BeniFischer In diesem Fall geht es wohl darum Ma√ülosigkeit und Dekadenz sichtbar zu machen. 
#FridaysForFuture 
#Klimastreik 
#Klimawandel 
#autofrei"
42,1179457483485728768,1,1,0,1,1,0,
43,1178214157742727168,1,1,1,1,1,1,"@a_nnaschneider Die einen malen die Klima-Appokalypse aus, die andern die gesellschaftliche Apokalypse. Gleiches Niveau. Kluge L√∂sungen unwahrscheinlich, da die wertvolle Zeit damit verbracht wird, Tweets zu ejakulieren. Das Tweetoz√§n ist die Apokalypse."
44,1178917750321926144,1,1,1,1,1,1,"@polenz_r @misanthrop40 Wenn ich meine CO2 Bilanz ansehe und die der viel Kinder von heute. ü§î

Abends hatte ich eine Leselampe und ein geliehenes Buch, keinen TV und Streamingdienste. 
https://t.co/5ygSZb08Du"
45,1179308657688924160,1,1,1,1,1,1,"@KRogenhofer @klima_vb @EcologicalEcon @vanderbellen S. Stagl (@EcologicalEcon): In der √∂kologischen √ñkonomie ist die Natur die Basis. Wenn diese Basis nicht funktioniert, funktioniert auch die Wirtschaft nicht.

Dieses Umdenken brauchen wir, damit wir zukunftsf√§hig sein k√∂nnen.

#KlimaschutzZuerst #NRW19 #RegierungForFuture"
46,1179998712329916416,1,1,0,1,1,0,"@Skyrgamur Zwischen ""Was geht mich das Klima in 100 Jahren an?"" und ""Wir m√ºssen Babies essen"" gibt es aber noch eine komplette Bandbreite an ""Panik"", die auch zu vern√ºnftigen L√∂sungen f√ºhrt.
Momentan brauchen wir bei der #Klimakrise allerdings noch deutlich mehr Panik bei den Politikern."
47,1176891299225636866,0,0,0,0,0,0,@JohnDocJudge @PodiniAndrea @AfD Inwiefern ist Atomkraft an sich nochmal umweltsch√§dlich?
48,1176932202929635328,1,1,0,1,1,1,"@DO3ikGCYrB8kbJ2 Das ist ne Sekte
BEREUT BEREUT Eure S√ºnden oder ihr werdet vom Klima gerichtet
BEREUT Ketzer
BEREUT ihr S√ºnder"
49,1177160348224430080,1,1,0,1,1,1,"@HerrLuehmann Niemand leugnet, die Tatsache, dass das Klima sich wandelt. Es gibt nur ein paar Wahrnehmungsgest√∂rte, die in ihrer #Hybris dem Menschen die Schuld daran geben wollen üôÉ"
50,1177827405362270208,1,1,1,1,1,1,
51,1177278876852137984,1,1,0,1,1,1,"@Antiaktivist1 @JL_4954 @Umwelthilfe @klima_allianz @ConstZerger Eben nicht. Deutschland h√§lt sich nicht an deren Klimaziele w√§hrend China das macht. China h√§lt das Pariser klimaabkommen ein, Deutschland nicht. China setzt auf erneuerbare Energien und veboten von Verbrennungsmotoren. Deutschland nicht."
52,1178999877159833600,1,1,1,1,1,1,
53,1179696531915644928,0,0,0,0,0,0,"@NinaScheer_SPD @parents4future Liebe @NinaScheer_SPD Die @spdbt ist seit Jahren Teil der Regierung. Zwickt den Ar... zusammen, weg von Machtpolitik und zeigt den Pfeifen von der @cducsubt wo der Hammer h√§ngt. Setzt echten Klima- und Umweltschutz durch! Sonst: #neuwahlen"
54,1178283280589889536,1,1,0,1,1,0,
55,1178732364526170112,1,1,1,1,1,1,
56,1177283583540703232,1,1,0,1,1,0,
57,1178296776585072640,1,1,1,1,1,1,"@welt Whataboutism was er von sich gibt. Die besseren Umst√§nde im Heute die er anspricht sind wahr, und trotzdem ist die sichere Zukunft der jungen Menschen bedroht, weil eben diese eine Gefahr Jahrzehnte lang mehr oder weniger ignoriert wurde, da man sich nicht an einen gro√üen Wurf"
58,1177127166779232256,1,1,0,1,1,0,"@voglerk @Linksfraktion '√ñsterreich hat den Klimanotstand ausgerufen. Mit der symbolischen Ma√ünahme erkennt das Parlament ""die Eind√§mmung der Klima- und Umweltkrise und ihrer Folgen als Aufgabe h√∂chster Priorit√§t"" an.' 
Was bringt so ein 'Klimanotstand'? Und warum gibt es keinen 'Armutsnotstand'?"
59,1179641123209383941,1,1,0,1,1,0,
60,1176962699277635585,1,1,0,1,1,0,"@Karl_Lauterbach Richtig. Und mit dem #Klimapaket sind #CDU, #CSU und #SPD gerade dabei auf *ganzer* Linie zu versagen."
61,1178330830101504000,1,1,1,1,1,1,
62,1177221636329803778,1,1,1,1,1,1,"@ImmobilienUSA @search_mk @AfD @Joerg_Meuthen ""gesteinigt und ge√§chtet"" wohl kaum. Eher sind ihre Studien nicht durch Peer-Review gekommen. Unter anderem, da ihre Methodik fehlerhaft ist, oder diverse andere Fehler in ihrer Studie vorkommen."
63,1180069212548714501,1,1,0,1,1,0,
64,1177232861700775936,1,1,0,1,1,1,"@AlmanKartoffel1 @SchmalzTatjana @Friday4Hubraum Jemand der ganz klar einen fake Namen benutzt kauft man seine Entr√ºstung nat√ºrlich voll ab ""ironyoff"" au√üer Unterstellungen und beleidigungen von sogenannten ""echten"" Klima Aktivisten konnte ich bisher keine echten Ans√§tze und Vorschl√§ge wahrnehmen. Schon arm!"
65,1179427879215665153,0,0,0,0,0,0,"@JB_Sincera @EuRo4242 üòÇund Wetter haben wir ja meistens, wenn nicht sogar Klima bzw kaputte Klimaanlagen..."
66,1179025039087288326,1,1,1,1,1,1,"@maxim_k @tom_krebs_ @PIK_Klima @MCC_Berlin @SVR_Wirtschaft In der Realit√§t l√§sst sich alles umsetzen, wenn man es WILL. Sieht man doch tagt√§glich."
67,1180086604737781760,1,1,1,1,1,1,
68,1178340334264356864,1,1,0,1,1,0,@thepeg8 @WDR Freitags geschw√§nzt? Wenn ich mir den Beitrag so ansehe.... JA!
69,1179501928868454400,1,1,0,1,1,0,@siegstyle Kein Einsatz f√ºrs Klima sondern Missbrauch einer psychiatrisch kranken Jugendlichen durch eigene Eltern oder einer bis dato unbekannten Ausbeuterfirma!!
70,1179032620144852995,1,1,1,1,1,1,"@SvenjaSchulze68 Das #Klimapaket ist der sprichw√∂rtliche Tropfen auf den hei√üen Stein, der wortw√∂rtlich verpufft. Anstatt das Versagen der #GroKo sch√∂nzureden, sollte die @spdde sie verlassen und ihren neoliberalen Irrweg verlassen. Sonst wird es 2021 ganz schwer sein, wiedergew√§hlt zu werden."
71,1179017935546994688,1,1,1,1,1,1,"@PaulZiemiak @CDU Das ist einfach nur peinlich was die Regierungsparteien derzeit abliefern! Ob Klima, Gro√üprojekte, Infrastruktur, Gesundheit... √úberall Ref√∂rmchen, Versagen und anschlie√üend wird alles sch√∂n geredet. Einfach unbegreiflich!"
72,1179028047955136512,1,1,0,1,1,0,"@TStraeter44149 @Gunster @Schroeder_Live Beim Klima w√§re es schon bl√∂d, wenn wir nicht in die gleiche Richtung denken.ü§îüåà"
73,1177468027446550528,1,1,1,1,1,1,"@Julischka_C @dnn_online @stadt_dresden Ich f√ºhle mich auf dem Rad generell unsicher, weil ich grunds√§tzlich zu eng √ºberholt werde. Dieses Klima, in dem Regeln so frei ausgelegt werden, tut niemandem gut."
74,1179357691040407557,1,1,0,1,1,1,"@tagesschau Das muss dieser verdammte Kapitalismus sein. Zum Gl√ºck haben wir diese linksradikale #FFF-Bewegung, die unter dem Deckmantel der Klima-Hysterie f√ºr den Sozialismus k√§mpft, damit wir alle schon bald gleich arm sein werden."
75,1177129103968940033,1,1,1,1,1,1,"@ndaktuell SPD zeigt sich offen? Mit 20‚Ç¨ anstatt 10‚Ç¨ Co2 Abgabe? Dies ist eine etwas mehr ambitionierte Sterbehilfe f√ºrs Klima, als die beschlossenen 19‚Ç¨..unsere Erkl√§tung, Wer nicht will und darf, der tut auch nichts.."
76,1179497689119121411,1,1,1,1,1,1,
77,1178292710240931840,1,1,0,1,1,0,@pepper46477330 @JensHagen12 @China_Welt_News die Deutschen im Gruenen-Fieber..... ist aber nichts f√ºr's Klima....
78,1177140315611959296,1,1,0,1,1,1,
79,1177855452241113088,1,1,1,1,1,1,
80,1178664255719198721,1,1,0,1,1,0,"@CordSchmelzle Es w√§re zumindest ein Anfang in Sachen Ehrlichkeit zuzugeben, dass sich Deutschland damit f√ºr Kohle und halt auch gegen das Klima entschieden hat."
81,1178352658597531648,1,1,0,1,1,1,"@Sustainche @HBraun Es fehlt also ""NUR"" noch ein bewerteter #Ma√ünahmenplan, um diese Ziele zu erreichen.
Wo finden wir die Werte zum #Kohleausstieg von 02/2019 und #Klimapaket 09/2019 und wann werden diese ins Gesetzgebungsverfahren eingebracht?"
82,1180111544677552129,1,1,0,1,1,1,"@AKS03350356 @cem_oezdemir @FDPBW @EUTheurer Ich empfinde eine tiefe Verantwortung f√ºr die nachfolgenden Generationen.
Und ich bin der Meinung es ist unsere gottverdammte Pflicht es hinzubekommen dass wir eine erfolgreiche Wirtschaft mit einem nachhaltigen Klima und Umweltschutz vereinigen"
83,1177479387173670912,1,1,1,1,1,1,
84,1179758616372531202,1,1,0,1,1,0,"@MasseyFriend @Tom_de_Belfore @derfreitag @GretaThunberg Vor allem Klima Krise.
Das der Mensch nicht so weiter machen kann, ist auch klar. Geben Sie den Hysterikern einige Tipps, wie Sie Ihr Konsumverhalten √§ndern k√∂nnen. Sie haben da doch einige parat? Oder schwimmen Sie in dem Konsum - Wirtschafts System, gehorsam mit?"
85,1177650822550884353,1,1,1,1,1,0,"@MarazLaszlo Sehr gelungen und wirklich sch√∂n! Bestimmt viel Handarbeit. F√ºr das Klima w√§re super, wenn wir in ein Zeitalter vor der Industrialisierung zur√ºckkehren k√∂nnten. Das soll jetzt aber nicht die Vision der Naturschutzorganisationen f√ºr Industrieregionen wie Europa sein oder? https://t.co/xBPDpUUCRe"
86,1180032606143946752,1,1,1,1,1,1,"@DerGertner @enzoro53 @ZDFheute @FridayForFuture Wer hasst denn seine Kinder?
Ich halte von den Demonstranten einfach nichts, denn ich hasse Leute, die nur labern, aber selbst nichts tun. Wer dort dabei ist, aber selbst Nichts aktiv f√ºrs Klima tut, wird von mir und vielen anderen einfach nicht ernst genommen. LG ein 21 j√§hriger"
87,1179401335277572096,1,1,1,1,1,0,"@BayernLB @Jue_Michels Man muss sich sehr fragen, ob diese gebildeten Damen und Herren, den Unsinn welchen diese verlauten lassen, selbst glauben. 
Wo bitte ist der Sach(Verstand) dieser Leute geblieben. Wahrscheinlich ist das Hemd des gr√ºnen Ministerpr√§sidenten S√∂der n√§her, als die eigene Hose."
88,1177514956733829123,1,1,1,1,1,1,"@TKuban96 Dann macht eurer Sozialdemokratischen Mutterpartei mal ein bisschen mehr Druck, Marktwirtschaft und nicht Klima muss in Zeiten einer drohenden Rezession wieder in den Fokus ger√ºckt werden."
89,1179129234230521857,1,1,0,1,1,0,"@WIKIPEDIA__DE @DWD_klima @ddominik10 @rahmstorf das gesamte ""heilige Rothe"" Skeptiker-Verschw√∂rungsuniversum basiert auf diesem grotesken Mi√üverst√§ndnis."
90,1177721658884399106,1,1,0,1,1,0,"@Ni0z @MauriciusQ Den Menschen kann das Klima auf der Steinkugel in 50 oder 100 Jahren peng sein, wenn Verteilungskonflikte zu Kriegen oder Hungersn√∂ten f√ºhren, die in 10 oder 20 Jahren hunderte Millionen das Leben kosten. Dann kannste das tolle Klima..."
91,1178265868654010368,1,1,0,1,1,0,"@klbmg @FFFChemnitz @klima_netz Nicht wir, sondern die 26800 Wissenschaftler*innen von @sciforfuture :)"
92,1177512372820250624,1,1,0,1,1,0,
93,1178916946449973248,1,1,1,1,1,1,
94,1177316968766091266,1,1,0,1,1,0,
95,1178575239585914881,1,1,0,1,1,1,"@Stohrm2 @BenSei @sklave_david @karlheinz_e @AfD Nein, ich meine nicht damit, dass Gr√ºnen-W√§hler die @AfD ü§¢ü§¢ü§¢w√§hlen k√∂nnten! Es geht um das Merkmal Klima (nennen die Braunen ‚ÄûUmwelt‚Äú). Mit dem Thema wollen die Nazis neue W√§hler generieren bzw. die Zweifler in den eigenen Reihen beruhigen..."
96,1179021938045411330,1,1,0,1,1,1,"@LudgerWess @schillipaeppa Ich denke #Glyphosat steht auch nicht wegen der CO-Bilanz in der Kritik, sondern weil es giftig und krebserregend ist. Die #Klimabilanz der industriellen Landwirtschaft ist mit oder ohne dieses Gift von #Bayer katastrophal."
97,1178613951162175489,1,1,0,1,1,0,
98,1176966667995373570,1,1,1,1,1,1,"@xer48707841 @tombear_thomas @tagesschau Pflanzen haben wesentlich gr√∂√üere Probleme, das ist richtig.

Bei Umweltkatastrophen, welche sich massiv auf das Klima auswirken sterben in der Regel zuerst die Spezialisten unter den Tieren aus, z.B. der Panda.

Tiere wie Ratten, Wildschweine usw, haben Chancen, oder..."
99,1179590875812372480,1,1,0,1,1,0,
100,1178664463261687808,1,1,0,1,1,1,
101,1179502370797113353,1,1,0,1,1,1,"Wer sich f√ºrs Klima interessiert, muss Anthropologen lesen und sehen, dass Menschen erstens f√ºr alles L√∂sungen haben und zweitens sodann das n√§chste Problem am Hals. So ist das eben, wenn man bei Verstand ist. Wem das zu negativ klingt, der muss ja keine Anthropologen lesen. 2/2"
102,1177866049536049154,1,0,1,0,0,0,"@TichysEinblick ..üòÇüòÇ
..v A wenn als ""EINZIGE L√ñSUNG"" der #Regierung #BundesTag  das bekloppte #EAuto #ElektroAuto die #UmweltZerst√∂rung und #KlimaWandel ganz Greening Blender Like in die anderen Kontinente auslagert..  oder @CDU @cducsubt @CSU @csu_lt @CDU_CSU_EP
@jubayern"
103,1177292692507844609,1,1,1,1,1,1,"@_FriedrichMerz Lieber Herr Merz, ich kann das Wort KLIMA nicht mehr h√∂ren und das kleine Klima-Monster nicht mehr sehen. Ich glaube wir haben im Moment andere Probleme und das wissen Sie auch!"
104,1177798071134105600,1,1,0,1,1,1,"@OlliLuksic So weit ist es in diesem Land schon.Dank Klima,,debatte""die ja keine Debatte mehr ist sondern immer mehr zum Klimakkrieg wird oder sogar schon istü§¨ü§¨ü§¨ü§¨ü§¨"
105,1178347302559391750,1,1,1,1,1,1,"@BonnerGuido @cynicalAxolotl @J_B_oo7 @M_T_Franz @EnricoCaruso @FranzStrohmeier @rahmstorf @Die_Gruenen @RealLeicaManiac @bauhausinfo Erstens ca  7. Jahrhundert v. Chr dazu zum nachlesen https://t.co/jooofcPN15
Da stehen auch 3 bis 4 m also jetzt nichts Neues f√ºr die Menschheit aber Panik wir gehen unter wir werden gegrillt 
War also eine ganz schlimme Zeit die der alten R√∂mer"
106,1179038572432617472,1,1,1,1,1,0,"@yhvhie @Martinho_Silves DAs du √ºberhaupt geboren wurdest ist ein Wunder. Jedenfalls laut den Klima Propheten der letzten 30 Jahre. Mach dir mal keine Gedanken, deine Generation f√§llt auf diesen Unsinn genauso rein wie die vorherige. Kein Grund zu verzweifeln. https://t.co/PBFjSOIxVQ"
107,1177604896201293824,1,1,0,1,1,1,@tagesschau Richtiges zum Thema Klima kommt nat√ºrlich nur von den Lieblingen der ARD: den gr√ºnen Energie- und Finanz-Experten Kobold-Baerbock und Pendlerpauschalen-Habeck.
108,1179431673580183553,1,1,1,1,1,1,
109,1177160682057412609,1,1,0,1,1,1,"@MarcDaub @AfD In Deutschland wird das kaum sp√ºrbar sein. Vielleicht werden Portugal und Griechenland √ºberschwemmt, Produkte aus Afrika wird es nicht mehr geben und noch mehr str√∂men nach Europa. AfD schreibt das nicht dem Klima und Krieg zu, sondern unserer Politik und ""linksgr√ºnversifften"" xD"
110,1179122191868268545,0,0,0,0,0,0,"@spotdrossel @DWD_klima @TanjaSnow4 Die Wissenschaft:
(Ihre MWP ist ganz leicht zu erkennen) https://t.co/tVg1i7S2MX"
111,1177639762959708160,1,1,0,1,1,0,"@AliCologne Ich werde nie verstehen wieso Menschen glauben sie k√∂nnten das Klima beeinflussen, nat√ºrlich m√ºssen wie die Umwelt sch√ºtzen, aber es wird keinem gelingen das Klima zu √§ndern"
112,1177223384591228928,1,1,1,1,1,1,
113,1178979244417978368,1,1,0,1,1,0,@Dschingis_Hahn @heuteshow Die Gr√∂√üe ist was es beeindruckend macht. Aber es wurde nicht impliziert das die Klima √Ñnderung schuld w√§re. Also wenn es sie nicht interessiert scrollen sie einfach weiter.
114,1178667492694249472,1,1,1,1,1,0,@maggos_Eleven Das mit Afrika ist gut f√ºrs Klima also alles ok.
115,1177181865284952064,1,1,0,1,1,1,
116,1178262453257457664,1,1,1,1,1,1,"@P1R4T3N @Aland1783 @SandraLeurs @DB_Bahn Das Problematische sind u.a. das fehlende ausgewogene (strukturelle sowie finanzielle) Gesamtkonzept und die Fokussierung auf bestimmte Technologien.

Momentan bestimmen Dogmen das Thema Klima und die Evidenz bleibt auf der Strecke. Auch bei dem Demonstrierenden"
117,1180068098193395716,1,1,1,1,1,1,"@Schmitz441 @schnellenbachj Ich halte Klimaforscher schon f√ºr Kompetent, nur nicht jeden.
Sp√§testens dann wenn es um F√∂rdergelder geht, wird alles gesagt was n√ºtzlich ist damit Geld herein kommt. Klimaforscher wollen auch leben und in die Malediven reisen, SUV besitzen und und und ..."
118,1179686647098683392,1,1,1,1,1,1,"@TerliWetter @klima_allianz Dass Kipppunkte jeglicher Art unumkehrbar sind, lehrte schon Dennis #Meadows in ""Grenzen des Wachstums"", dessen 30-Jahre-Update ich habe. Und ich habe dieses Buch, obwohl staubtrocken geschrieben, gierig gelesen. Wer zwischen den Zeilen lesen kann, wird mehr erfahren! https://t.co/ose533gGmi"
119,1180103422084825089,1,1,0,1,1,1,"@Not1Proud @sebulino @ToKaEmPa @EskenSaskia @spdde @HeikoMaas @MiRo_SPD @c_kampmann @kahrs @lisasteinmann @lena21th @Julia42833681 @JulianJanssen04 @Susanne45217800 @goldaufweiss @SPDbewegt @ManuelaSchwesig @dietmar_danz @larsklingbeil Ich war auch schon in solchen Kesseln. Die Politik hat diese Verh√§ltnisse immer toleriert. Putzigerweise denkt man heute angesichts von #FridaysForFuture und #AfD ganz anders √ºber #Klima und #Linke. üòÄ
30 Jahre zu sp√§t, aber immerhin. Man soll die Hoffnung nicht aufgeben üí™‚úä"
120,1176878469894070277,1,1,1,1,1,1,"@AfDimBundestag Mehr als 500 Wissenschaftler, und ein ehemaligerBremer Umweltsenator.... AfD, ihr seid nur noch albern und armselig. Ihr seid ein kleines, trauriges H√§ufchen mit einer auf nichts ernsthaftem basierenden Mindermeinung. Haltet euch besser raus, keiner nimmt Notiz von euch"
121,1178698271881072640,1,1,0,1,1,1,@tazgezwitscher Und auch keine Papierausgabe mehr drucken? Der Internetdatenverkehr belastet aktuell die Umwelt mehr als der gesamte Fluggverkehr. Sicher stellen sie auch ihre online-Ausgabe wegen Klima ein?
122,1179287227488227335,1,1,1,1,1,1,"@bianca_stst @JHaakona @chrisi3490 @GrumpyEmmi Und wie kommst du darauf? Nicht mal IPCC spricht davon. Allein schon ""Das Klima ver√§ndern"" wie das denn?"
123,1178050593715314689,1,1,0,1,1,1,
124,1179990318583820288,1,1,1,1,1,1,"@GlobalistYT @SteinbachErika Des weiten gibt es Vulkanausbr√ºche und Waldbr√§nde die Unmengen an CO2 aussto√üen und auch Kosmische und terrestrische Einfl√ºsse die das Klima nachhaltig √§ndern und ge√§ndert haben.
Das etwas in Richtung Umwelt getan werden muss ist definitiv in Ordnung, aber bitte mit Vernunft!"
125,1178398407699959809,0,0,0,0,0,0,"@geirrchris @sebastiankurz Geh raus in den Sturm und schau was das Klima macht, Heintje üòÇ"
126,1179805949239992321,1,1,0,1,1,1,"@Erkenbrand11 @timo_bahrs @Ralf_Stegner @Gesine_Schwan In diesem Fall: das Gemeinschaftsgutachten von @PIK_Klima und @MCC_Berlin https://t.co/GQt7odsfEu

Das @DIW_Berlin hat eine separate Analyse erstellt, die zu sehr √§hnlichen Ergebnissen kommt. https://t.co/dPpT4YStJ0"
127,1177130083322085376,1,1,0,1,1,0,"@_markkoenig @Bibliothomas @BrigitteKnopf @MCC_Berlin @PIK_Klima @cducsubt @spdbt Bei Langstrecken sind die Preise schon sehr obsz√∂n, wenn man nicht gerade maximal fr√ºh bucht und zeitlich sehr flexibel ist. F√ºr die t√§glichen Wege wo man eine Monatskarte hat, st√∂rt mich auch prim√§r die Fahrzeit, der d√ºnne Takt und die fehlende Zuverl√§ssigkeit. 1/2"
128,1178959443687399425,1,1,0,0,0,0,"@heiseonline ""KLIMA"" gibt's nur in Deutschland! komisch....
erinnert mich an den ""TANZ DER VAMPIRE"" ü§•"
129,1176438363857072130,0,0,0,1,1,0,"@CKemfert @schieritz @zeitonline Das nennt man doch dann #Hoffnung oder #SchrittindierichtigeRichtung , oder?

#ClimateCrisis #Klimapaket #klimaschutz #klimakabinett"
130,1177310091600650240,1,1,1,0,0,0,"@Sabeth_Faber Danke fuer die viele Info!
In BW tobt der Horror,man bekommt keine aufrichtige Anw√§lte,dass Klima hat sich versch√§rft! 
Kein Beratungsschein"
131,1178928372191305728,0,0,0,0,0,0,
132,1177630907609632769,1,1,0,1,1,1,"@de_escalation @EinFragender @kfjJahn Nein ich Leugne gar nichts, ich stelle mich hin und behaupte, dass wir nicht ausreichend informiert werden. Das es sehr wohl unterschiedliche Ansichten √ºber den Einfluss des Menschen auf das Klima gibt und da gar nichts gesichert ist. Das kritisiere ich."
133,1177111636567572481,1,1,0,1,1,1,
134,1177215820042313728,1,1,1,1,1,1,
135,1178666385192284168,1,1,0,0,0,0,
136,1178252868807204865,1,1,0,1,1,0,"@guenter1960 Das Unterscheiden von Klima und Wetter sind, wenn man sich zu diesem Thema unbedingt √§u√üern will, unabdingbar."
137,1177159997698007041,1,1,0,1,1,0,
138,1179695602071941121,1,1,1,1,1,1,"@JSevincBasad Wenn Sie Extinction Rebellion kritisieren, erw√§hnen Sie doch mal, dass diese ""Graswurzelbewegung"" eine britische GmbH ist (Compassionate Revolution Ltd.). Nicht mal das Impressum ist korrekt.
Deren √Ñu√üerungen lassen sich nicht auf alle deutschen Klima-Aktivisten projizieren."
139,1178070246063853568,0,0,0,1,1,1,
140,1177891069947764736,1,1,1,1,1,1,
141,1177947084575711232,0,0,0,0,0,0,
142,1179797705721307140,1,1,1,1,1,1,
143,1178929794647543808,1,1,1,1,0,1,"@marcjulianblack @appletechnikbl @olivergorus Sie haben gesagt, durch Greta sei Aufmerksamkeit entstanden. Das bedeutet, vor Greta habe es die nicht gegeben.  Sonst konnte sie ja nicht mit Greta entstehen."
144,1177929134208688130,1,1,0,1,1,0,
145,1177902097930604544,0,0,0,0,0,0,@KoeppelRoger K√∂ppel-J√ºnger aufgepasst.‚òùüèºü§ì  https://t.co/H824Anqd0L
146,1179700778224816128,1,1,0,1,1,1,"Ja, ich gebe es zu. Am Ende sind vor allem Spiele und Onlinevideos f√ºr mich das, was Fleisch und SUVs f√ºr Fleisch- und Autofanatiker sind: die f√ºr das √úberleben selbst nicht n√∂tigen und f√ºr das Klima m√∂glicherweise sch√§dlichen Dinge, auf die ich jedoch nicht verzichten m√∂chte."
147,1177723306868432901,1,1,1,1,1,1,"@Ni0z @MauriciusQ Ich m√∂chte gerne nur eine ernsthaft wissenschaftliche Quelle sehen, die das Szenario ‚Äû2 Milliarden Menschen stehen vor der T√ºr und stellen Fragen zum Klima‚Äú als wahrscheinlich einstuft. Die ‚Äûgesamte Wissenschaft der Welt‚Äú ist ziemlicher Bl√∂dsinn, die sei geschenkt."
148,1177489511950868481,1,1,0,1,1,0,"@sven_giegold @rheto @ZDF @FridayForFuture @Die_Gruenen ""#Klimapaket"" ist auf dem Autobestellformular, der Punkt, wo man ankreuzt, ob man im #SUV oder so, eine Klimaanlage haben m√∂chte oder nicht :-)
#FridaysForFuture #FFF"
149,1177613567341801472,1,1,0,1,1,1,
150,1178218897943732226,1,1,1,1,1,1,"@shasofanX @KlassLib @Kittypunk7 @WOLKEFN Ja, weil Energie schon vorher teuer wie nirgends sonst war. Und jetzt wird sie halt noch teurer. Aber keine Sorge, alles wird weiterhin produziert - nur halt woanders. Hilft sicher dem Klima - nicht."
151,1177478105155305479,1,1,0,1,1,0,"@gruenewien Stimmt, denn bis zum Zeitpunkt der Ank√ºndigung der Neuwahl,war das Klima (und das bei den Gr√ºnen, das ist es ja, was so entt√§uschend ist das jetzige werben so unglaubw√ºrdig macht)und die Umwelt ja stark im Hintergrund.
Aber kaum gibt es Wahlen und 10.000e potentielle Jungw√§hler.."
152,1180024351279779840,1,1,0,1,1,0,
153,1180052139160276992,0,0,0,0,0,0,
154,1178399138582601730,1,1,0,1,1,0,"@bmu @parents4future @JochenFlasbarth @sciforfuture @beyond_ideology @wozukunft @VQuaschning @FFF_Berlin @p4fBerlin @PFFSaarland @FuturePb @FFF_Koeln @rahmstorf Versteh ich das richtig? ‚ÄúManch andere L√§nder machen nix; deshalb wir auch nicht.‚Äù? Klingt irgendwie kindisch, oder? Und was ist mit dem Willen des eigenen Volkes, einer Bewertung der (Klima-)Krise als solche, etc.? Alles nachrangig?"
155,1177190885035036673,1,1,0,1,1,1,"@voglerk @jankortemdb @c_lindner Aha. Und was machen Sie mit dem Land? Politik ist (noch) der Wettbewerb der besten Ideen um die Mehrheit - wenn ‚Äûsie‚Äú allerdings weiter ‚Äûklein‚Äú in Verboten denken wollen, die dem Klima so nichts n√ºtzen... Oder macht der Klimawandel an der Grenze halt, wenn die Gr√ºnen regieren?"
156,1179069113655812102,0,0,0,0,0,0,@BMWi_Bund https://t.co/o2xBwgHptI
157,1177707231745396737,0,0,0,0,0,0,@MTJGrimme Und was ist mit #klima? ü§ì
158,1178944198931824640,1,1,1,1,1,1,"@eff_future @PaulZiemiak Der innovative #Mittelstand und dessen Kunden m√∂chte oft auch sehr viel mehr #Klimaschutz. Darf aber nicht, weil es irgendwelche #Verbote gibt, die es verhindern."
159,1179421661344538625,1,1,0,1,1,1,"@FoxMulder944 Es gibt neben CO2  mehrere Einfl√ºsse aufs Klima. Vulkane, Sonne, Milankovich Zyklen Kontinentaldrift. Und alle wirken auf unterschiedlichen Zeitskalen. Informieren Sie sich!"
160,1178725073420800000,1,1,0,0,0,0,"@MartenKleihauer @J_B_oo7 @chst70 @gehirn1974 @SirSchnee Man braucht keine Beweise f√ºrs Klima, nur f√ºr den Suff!
üòùüòù https://t.co/1WfAdf3kO1"
161,1179726099129012226,1,1,1,1,1,1,"@ClaudiaZettel Ja, in entscheidenden Punkten. Wo die Gr√ºnen aus Klima/Naturschutzgr√ºnden nicht dabei sind, argumentiert rot dort mit ""f√ºr Arbeitspl√§tze"", wo t√ºrkis ""f√ºr den Wirtschaftsstandort"" sagt. Und Asylrechtsversch√§rfungen hat die SP√ñ in Regierung immer mitgetragen."
162,1177125724676927490,0,0,0,0,0,0,"@bmuonline @DrKissler @DB_Bahn @DB_Presse Das ist ein Test. Wer jetzt durchh√§lt, bekommt einen Klima-Orden."
163,1179761271358545921,1,1,0,1,1,0,
164,1177298161632763905,1,1,1,1,1,1,
165,1177483189838737410,1,1,1,1,1,1,"@MBauchmueller Schwaches #Klimapaket und leere Worte von #Merkel beim #UNClimateSummit : So wird Dtl nicht wieder Vorreiter in #Klimapolitik - dazu Gastbeitrag bei @EURAKTIV https://t.co/HAaDKKENMm und Kurz-Analyse https://t.co/BjKo1QpE7x von @e3g
 #Klimagipfel #Klimanotstand #FridaysForHubraum"
166,1177297664129548288,1,1,1,1,1,1,"@Goldi_RT @Karl_Lauterbach Andere Staaten sind nicht so d√§mlich aus der Kernenergie auszusteigen und stattdessen auf Kohle zu setzen !
Verwirrt ja, wenn du denkst das Deutschland einen merklichen Effekt auf das Klima haben w√ºrde.
Das ist so als wenn eine 2 % Partei hofft den Kanzler zu stellen!"
167,1179742769155313664,0,0,0,0,0,0,"der shit fliegt weg, direkt in die klima
alle sind druff und f√ºhln sich prima
die fete steigt und alle sauvn
ich will mich mit dem fahrer raufen
der hurensohn hat die fahrt versaut
er nen schwachen joint gebaut
noch 6 stunden sagt google maps
verdammt hab ich noch so viel peps??"
168,1178606811425001473,1,1,1,1,1,0,
169,1179384292176285696,1,1,1,1,1,1,
170,1178353350036873218,1,1,0,1,1,1,
171,1177585752546451456,1,1,0,1,1,0,"@mlcaritas @ZackZackZack4 Ein Versagen der t√ºrkis blaue Regierung, f√ºr die das Thema Klima negiert und als Zopferldiktatur abgetan wird!"
172,1177185023579033602,1,1,0,1,1,0,@Tagesspiegel @ExSpiesser Klimawahn ist heilbar.
173,1177855004767641600,1,1,1,1,1,0,"@ZDFheute #Klimawandel ist nur alarmierend, wenn man noch nicht angepasst ist. Das wiederum sollte man schleunigst nachholen, anstatt, mit viel Geld, sinnlos versuchen zu wollen, ihn zu stoppen."
174,1177093464829435904,1,1,0,1,1,1,"@sandra_lueck Wir Deutsche sollten auch endlich auf die Stra√üen gehen und gegen die soziale Ungerechtigkeit demontieren, wie es im Moment f√ºr das Klima propagiert wird. Dann wird vielleicht auch ganz langsam unsere Politik wach..?"
175,1179228283650609152,1,1,0,1,1,0,@Karl_Lauterbach Das Klima war √ºbrigens auch Schuld am fr√ºhen Ausscheiden der Deutschen letztes Jahr bei der WM
176,1177910421854011392,1,1,1,1,1,1,"@SvenjaSchulze68 Das ist doch alles nur ein Witz! F√ºrs Klima werden gerade mal 2 Milliarden Euro ausgeheben, w√§hrend die Braunkohle f√ºr einen Ausstieg mit 40 Milliarden unterst√ºtzt wird. Bin ich hier im falschen Film???"
177,1177824386998517761,1,1,0,1,1,0,"@UmweltHessen @PriskaHinz #Klimapaket kann man das ja nicht nennen, was #CDU &amp; #SPD in #Berlin vereinbart haben.

Wenn man in der Produktpalette der #Post bleibt, kann man vielleicht von einem #Kompaktbrief reden.

#Klima #Umwelt #Natur #Klimaschutz #Groko"
178,1178429747849842690,1,1,0,1,1,0,"@Jumpsteady @dieternuhr Wenn alle die die sich so echauffieren, ab morgen Bus und Bahn fahren und ihren To-Go-Becher im Gesch√§ft lassen, w√§re schon viel f√ºrs Klima gewonnen. Und √∂fter mal TV und Handy auslassen.."
179,1179321876486725632,1,1,0,1,1,1,"@GefrKamnitzer @DigitalerC Ob GR√úNE, ""FfF"", selbst die klima-politisch immer schon v√∂llig unbedarften (Un-)Geister von DKP bis MLPD - ihnen allen stelle ich seit Jahren die Frage, ob steigende √úberbev√∂lkerung nicht die Ursache f√ºr alles ist.
Aber weder von Luisa/sonst wem habe ich bisher Antwort erhalten."
180,1178905064381046784,0,0,0,0,0,0,
181,1178271933835730944,1,1,0,1,1,0,Der Gauland. Sozusagen ein Vogelschiss in der Klima Forschung.
182,1177175073100390402,1,1,1,1,1,1,
183,1178098196515418113,1,1,0,1,1,0,"@Gheldalas @ChibzieC @Lara_Loft Diggi. Streaming ist mein Beruf. Zu Cons zu fliegen, zu networken, Menschen, Technologien, Trends pers√∂nlich &amp; hautnah zu erleben ist genauso notwendig, wie alles andere, wof√ºr man Leidenschaft empfindet. Du meinst, wer sich Pro Umwelt positioniert, soll nur noch Fahrrad fahren?"
184,1178727819490316288,1,1,0,0,0,0,"@_MarcMartin @cherubimu ?????? H√§? Was hat das jetzt mit dem Klimawandel zu tun?
AfD Klima Leugner? Alles mal vermischen?"
185,1179502842098409475,1,0,1,1,0,1,"@kaffeecup letzte Woche in G√∂teborg: 4 ""Fahrbahnen"" auf der Strasse - 1 f√ºr Fussg√§nger, 1 f√ºr Radfahrer, je 1 f√ºr Autos und Trambahn geteilt. Heute in Frankfurt: 4 Fahrbahnen in Neuer Mainzer Str., in einer Richtung, alle 4 f√ºr Autos. Anzahl Radfahrer = 0  #Klima #Verkehrswende"
186,1177307356717289473,1,1,0,1,1,1,"@Beatrix_vStorch Millionen m√ºssen um ihre Existenz f√ºrchten, weil versucht wird, die Erde vor dem Klima-Kollaps zu bewahren, der ALLE bedroht? Sind Sie denn noch zu retten? So bl√∂d kann doch niemand sein, der nicht besoffen ist."
187,1177345197904187393,1,1,1,0,0,0,
188,1177681983452958720,1,1,1,1,1,1,
189,1179801986121785349,0,0,0,0,0,0,"@Sydney5512 @omagegenlinks @symmulant @SolexKiel @stadt_kiel 1988 ... wieder
1997 ... wieder
und
2006 ... wieder (@AlGore Film +Nobelpreis)
und
2013 ... wieder (#Arktis eisfrei, #Kilimandscharo eisfrei ü§î)
und
2020 ... wieder (M. Latif: KEIN Winter, kein #Schnee mehr; #IPCC: in UK üá¨üáß sibirisches Klima)
#Doomsday #ApocalypseNow https://t.co/KZJKXdXVGO"
190,1178927331605438467,1,1,1,1,1,1,"@RegSprecher @SvenjaSchulze68 @bmu Deutschland wird ausgelacht,die Politmonarchie labt sich an dem Glauben, Gott ins Handwerk spucken zu k√∂nnen, die B√ºrger sind ihnen egal, das Wohl der Wirtschaft, die die Monarchie schmiert, ist ihnen wichtiger. 2Grad im Klima ist als wenn ein Panzer sein Nummernschild verliert. https://t.co/idDfLepWix"
191,1177591427561381888,1,1,0,1,1,1,@MiRo_SPD @faznet Die kritische Auseinandersetzung mit dem #Klimapaket der #GroKo ist notwendiger denn je. Wie ist die Meinung von #KampmannRoth zum CO¬≤-Austoss im Rahmen des Pariser Klimaabkommens? https://t.co/Iq02TEDbGU
192,1177145077010960384,1,1,1,0,0,0,
193,1177529633207705600,1,1,1,1,1,1,"@WKogler @gruenewien Wie kann man einer Sigi  Maurer einen Listenpltz geben , die den √ñsterreicher bei der Abwahl den Stinkefinger gezeigt hat? Erkl√§ren sie mal wie Sie das Klima retten wollen , nur im Parlament sitzen da wirds ned viel bringen, ausser Luft rauzublasen , der Anstand w√§hlt NICHT Gr√ºn"
194,1177174249506779137,1,1,0,1,1,0,"@Pillemann_Jones @noosphaere @KristinaFassler @UN Joa entweder baumeln die Leute, weil es so anstrengend ist sich dagegen aufzulehnen, was Konzerne mit uns machen, oder weil das immer schlechtere Klima und Nahrungsmangel f√ºr Depressionen sorgen. Ersteres finde ich besser."
195,1179802162865606665,0,0,0,0,0,0,@agentsinaction @DWD_klima @Umweltbundesamt https://t.co/Ffqawpngd2
196,1178696122849775616,1,1,1,1,1,0,"@FarwigMathias @philbill1337 Ich lese da st√§ndig andere Berichte von renomierten Zeitungen. Die Forscher welche wirklich etwas verstehen vom Thema Klima, reden nicht von Katastrophe, sondern von Krise. Und diese Krise kann nur langsam bew√§ltigt werden. Aber sicher nicht von einem Moment auf den Andern."
197,1177366152038801409,1,1,0,1,1,1,
198,1178321526875185155,1,1,1,1,1,1,"@Jumpsteady @dieternuhr Gro√üartig!!! Er hat einfach Recht! Der Klimawandel ist NICHT menschengemacht, CO2 ist Grundvoraussetzung f√ºr das Leben auf der Erde (war schon viel h√∂her-ohne Menschen) und man kann das Klima auch nicht retten!!! H√∂rt auf seri√∂se Wissenschaftler!!!"
199,1177993639403954176,1,1,0,1,1,1,@parents4future @SvenjaSchulze68 Liebe Frau Ministerin Schulze. Steigen Sie doch bitte von Ihrem hohen Ross und verkaufen Sie die Menschen nicht f√ºr doof. Die Menge an CO2 wird halt mal in Tonnen benannt. H√∂ren Sie in der fundierten Klima-Nachhilfe durch renommierte Wissenschaftler*innen einfach dem√ºtiger zu !
200,1176250313445191681,1,1,0,1,1,1,"Mir w√§re es lieber, mich hinstellen zu k√∂nnen und zu sagen:
Ich bin stolz darauf, was die ganze Welt f√ºr den #Klimaschutz tut. Denn ich bin Teil davon, warum sie das tut.

Aber ich sehe derzeit keine M√∂glichkeit, das zweite ohne das erste zu erreichen."
201,1178247026317897729,0,0,0,0,0,0,"@karlheinz_e @littlewisehen K√∂nnen wir bitte die Hexenverbrennung wieder einf√ºhren?
Ach üí© nicht gut f√ºr das Klima."
202,1179153015011528712,1,1,0,0,0,0,"@Robinium1 Naja, du scheinst das mit dem Klimawandel ja verstanden zu haben... Nicht."
203,1178372252540256257,1,1,0,1,1,0,"@klbmg @F4Fludwigsburg @FFFChemnitz @klima_netz @sciforfuture Auf jeden Fall nicht die die beim √ñl und Kohlekonzern arbeiten, lol"
204,1179364916664381440,0,0,0,0,0,0,
205,1179627325320679424,1,1,0,1,1,0,
206,1177517138103296000,1,1,0,1,1,0,@insm @haucap Es gibt Sterbehilfe f√ºrs Klima..mit dem Klimapcket der Groko. Man kann einige Menschen die ganze Zeit und alle Menschen eine Zeit lang zum Narren halten; aber man kann nicht alle Menschen allezeit zum Narren halten.
207,1178719830112980997,1,1,1,1,1,0,@XRBerlin @katjakipping @dieLinke Da sieht man die linke ist nicht mehr f√ºr Arbeiter da sondern nur noch f√ºr studierte Spinner. Will anscheinend doch mit der spd in den Untergang gehen. Ihr bekommt keine stimmen von √∂kos die w√§hlen gr√ºn.
208,1179044980029116419,0,0,0,0,0,0,
209,1177107545678340096,1,1,0,1,1,0,"@janboehm Klima- und Umweltschutz verlangen, aber daf√ºr keine Einschr√§nkungen in Kauf nehmen zu wollen ist das neue ""mach mich sauber, aber mach mich nicht nass"". Absurd."
210,1176956708331147267,0,0,0,1,1,0,"@MixMax0995 Beim Klima und bei (gegen) Nazis sind wir das ebenfalls.
Aber f√ºr morgen sind wir selbst gespannt."
211,1179051128350216193,1,1,0,1,1,0,"@janboehm Als Dieter hatte man es noch nie einfach und jetzt auch noch dieses Klima.  https://t.co/y8QdDIuQEm
#Solidarit√§tf√ºrdieter"
212,1178184969757380609,1,1,0,0,0,0,@lawyerberlin Betrunkene Tweets sind einfach die besten! Aber lass doch die Eisw√ºrfel das n√§chste Mal im Mariacron #Klimawandel
213,1177477175173189636,1,1,1,1,1,1,"@maybritillner @peteraltmaier @BMWi_Bund Der Mythos:Schwarze Null!
Dieses Krampfhafte Festhalten an diesem Geist. Die Schulden werden noch gr√∂√üer der n√§chsten Generationen mit dem #Klimap√§ckchen. Die Wissenschaft hat ihnen das Werkzeug gegeben f√ºr ein sozialen&amp;effektiven #Klimaschutz gegeben&amp;sie kloppen nur sinnlos rum"
214,1177316510420918273,1,1,0,1,1,1,
215,1177210479158157312,1,0,1,1,1,1,@nickscharioth Habe hier gerade nur Wachstumsdaten f√ºr gem√§√üigtes Klima (Niederlande). Damit komme ich auf ungef√§hr 45.000 km2 (in etwa die Fl√§che von Niedersachsen). Als Alge habe ich genetisch optimierte Nannochloropsis gaditana angenommen.
216,1179323052087226368,0,0,0,0,0,0,@_maulende_Myrte @CoYoSilver Die Bl√§tter von den B√§umen! Klima! Jetzt f√§llt‚Äòs mir auch auf!
217,1178315663766634496,1,1,1,1,1,1,"@inchtweet @beyond_ideology @faznet @ErnMedBlog Die genannten Studien sind wissenschaftlich nicht haltbar - mindestens aber umstritten (s. z.B. https://t.co/k92ndBogej, https://t.co/ZVxq3xGcew).

""Die Wissenschaft"", auf die Sie hier rekurrieren ist zur Hure der Politik geworden.
.."
218,1179145842550284289,1,1,1,1,1,1,"@zeitonline Diese Klimahysterie wird allm√§hlich l√§cherlich. 1) Klimawandel kann man nicht stoppen, denn es wandelt sich immer 2) Klima kann man sch√ºtzen durch geeignete Ma√ünahmen 3) CO2 ist grunds√§tzlich lebenswichtig f√ºr die Photosynthese. Die Frage ist wie viel davon umgewandelt wird."
219,1178313706834419714,1,1,1,1,1,1,"@UBSschweiz Jetzt wittern auch Banken und Konzerne langsam das Gesch√§ft mit dem Klima. Dennoch denke ich tats√§chlich, dass letztendlich nur sie die Macht haben das Notwendige umzusetzen. Bis die Politik L√∂sungen hat, dauert es viel zu lange. Letztendlich wird es das Geld richten."
220,1178741632847548416,1,1,0,1,1,1,
221,1178010897035476993,1,1,0,1,1,0,"@WDR üôÑ Was hat der junge Mann nicht verstanden?
Das #Klimapaket ist das Papier nicht wert, auf dem es gedruckt wird. Die Proteste von #FridaysForFuture waren erst der Anfang.

#AufstandGegenDasAussterben #RebellionWave"
222,1176982419674685440,0,0,0,1,0,1,
223,1178323310867820544,1,1,1,1,1,1,"@TastiqueVan Ich denke, da ist eine gewisse Orientierungslosigkeit. Mit echten Problemen wurden diese Jugendl. noch nie konfrontiert.
Und jetzt kommen paar Spinner daher und erz√§hlen vom Weltuntergang wg. Klima.
Deshalb geraten die Jugendl. in Hysterie, sie k√∂nnen damit nicht anders umgehen."
224,1178663875710984197,1,1,0,1,1,1,@stephan_eckner @schnellenbachj Wirtschaftliche Entwicklung muss ja nicht zwangsl√§ufig raubbauartiges Wachstum bedeuten. Weniger Wohlstand ist insofern kein Problem da er im Augenblick eh ungleich verteilt ist. Wenn Klima global nicht mehr Wohlstand zul√§sst muss man den existierenden besser verteilen.
225,1178623148209704965,1,1,0,1,1,0,@drumheadberlin Was forscht der Herr denn so? Klimaforscher ist er jedenfalls nicht.
226,1179109790397718528,1,1,1,1,1,0,"@heuteshow S√ºdpol! Da beginnt der Fr√ºhling gerade erst!

Irgendwann wird kein Eis mehr da sein, aus dem wir ablesen k√∂nnen, wie sich das Klima ver√§ndert. Hat ja auch was, wenn man so dr√ºber nachdenkt... ü§™"
227,1177138097089339392,1,1,0,1,1,0,"@klimt92812890 @Tinimaus1110 Gilt bei denen nur, wenn es ums geliebte Klima geht."
228,1177564440197287937,1,1,1,1,1,1,"@Real_Utopist @Lowl3v3l @nicolediekmann Wenn alle der gleichen Meinung sind, ist das nicht immer gut. Das lehrt uns die Geschichte. Mit Bequemlichkeit hat das nichts zu tun. Selbst wenn D. ab morgen kein CO2 mehr produziert, wird das keinen Einfluss auf das Klima haben. Daf√ºr wird das Land ganz andere Probleme haben."
229,1179421957944729604,0,0,0,0,0,0,
230,1176979572895731712,1,1,1,1,1,1,
231,1179128320010719232,1,1,0,1,1,1,"@albvalegreen @Luisamneubauer Oh mei oh mei, ein Opfer der industriegef√∂rderten (INSM) und von den Rechtsauslegern verbreiteten Verwirrungstheorien.
Sorry Freunde, wir hier in den Alpen und dem Alpenvorland bekommen die Folgen bereits jedes Jahr mehr zu sp√ºren. 

Ich w√§hle weder gr√ºn noch links ..."
232,1179289333662126080,1,1,0,1,1,1,
233,1179383727501299714,1,1,1,1,1,1,
234,1177209158971678720,0,0,0,0,0,0,@licht_maschine @narrhallamarsch @Moormoewe Hatta auch Klima?
235,1177106768620658688,1,1,0,1,1,0,
236,1178046053469315073,0,0,0,1,1,0,"@rudifussi Klima ist ein echtes Band,
verbruzelt selbst die rechte Schand."
237,1178688298333671425,1,1,1,1,1,0,
238,1179654288613810176,1,1,1,1,1,1,
239,1180155224880766978,1,1,0,1,1,0,@Hartes_Geld @AOC Wenn sich die Klima-Aktivisten gegenseitig aufessen gibt es tendenziell einige Probleme weniger #noHate #HowDareYou
240,1178739119767396354,1,1,0,1,1,1,"@MissBJArmstrong @FrReschke Nun ja, Vielen in dieser Generation geht es nicht in erster Linie um das Klima. Sie haben halt keine Identifikation und ein noch reicher Staat f√ºttert sie durch."
241,1177254465310744579,1,1,1,1,1,1,
242,1178177072512016384,1,1,1,1,1,1,
243,1177863138596868096,0,0,0,0,0,0,
244,1178982129834893313,1,1,1,1,1,1,@WMuhsal @AfD @AfD_Thueringen Vor allem √§ndert es nichts am Klima oder verbessert die Umwelt. Nur wahnwitzige Ideen
245,1178324305266057218,1,1,1,1,1,1,"@BernhardGeyer @Dragon52472784 Ich sagte schonmal: Selbstreflexion geht anders.
Es ging hier nicht ums Klima oder √§hnliche Dinge.
Und ja, da ich @Dragon52472784 in anderen Threads erlebt habe, ist das mit dem Lobbyisten nunmal auch ein Fakt."
246,1179347532339716096,1,1,0,1,1,0,"@davis_sdav124 @Maria__Stern @Peter_Pilz Meinem Daf√ºrhalten haben jene @Peter Pilz gew√§hlt, welche √úberzeugt waren, dass trotz Klima-Hype auch 1ne scharfe Kontrolle der Regierung durch d Parlament dringend geboten = Kurz nehme ich s Klima-Engagement nicht ab; Anders = das beim @NR_KLUB_JETZT Die Klimaschutz-Aktivisten"
247,1178912870249242624,1,1,1,1,1,1,@ZDFsport @IAAFDoha2019 #Doha2019 #klimaschutz #friday4future Heute reden wir in DE √ºber #Klima und #CO2 Einsparungen. Sportverb√§nde FIFA &amp; Co sollten ein Vorbild sein. Sie sprechen Millionen Sportbegeisterte an. Es sollte keiner hingehen und TV ausschalten. Geld regiert auch gegen Klimaschutz.üòß
248,1177306968735846400,1,1,0,1,1,1,
249,1177526478759694336,1,1,0,1,1,0,
250,1179035044750352384,1,1,1,1,1,1,@r_a_y_k__ @DonGiardino @dominikdirekt Seit 1990 verspricht Merkel neue Technologien pro Klima. Jetzt ist es zu sp√§t. Nur eine sofortige Reduktion der Industrie kann die Katastrophe zu einer kleinen machen. Denn bereits jetzt ist es nicht aufzuhalten.
251,1178364334231228427,1,1,1,1,1,1,
252,1177980048323821569,0,0,0,0,0,0,
253,1177197478770282499,1,1,0,0,0,0,"@robschuchmann @EnFreKo @Stefan_Hajek @clausstraube @ChuckBanham @CKemfert @sciforfuture @PIK_Klima @Luisamneubauer @carla_reemtsma @ABaerbock @KathrinAnna @seawatchcrew @oekoinstitut @AWI_de @VQuaschning @rahmstorf @Psychologists4F @f_schmidt_BB @FFF_Berlin @TWIKE Einen pro Achse, in der Summe 1 oder 2. https://t.co/q37HUY2Tho"
254,1178662403166425088,1,1,1,1,1,1,"@DerGraslutscher @ralphruthe Einer der ersten zu sein k√∂nnte auch wirtschaftliche Vorteile bringen. Know-how und Erfahrung hat finanziell selten geschadet. Also wenn jemandem schon das Klima egal ist, dann interessiert vielleicht wenigstens Geld?"
255,1176750562689388545,1,1,0,1,1,0,"@ntvde @Luisamneubauer ...lassen Sie uns mal wissen, welche radikalen Ma√ünahmwen Sie schon im privaten Bereich getroffen haben?! Ich w√ºrde meinen keine! @Luisamneubauer #Klimapaket"
256,1179388243290263553,1,1,1,1,1,1,
257,1177024243202220038,0,0,0,1,1,0,
258,1178249097142263809,1,1,0,1,1,0,@julian_troost Im Gegensatz zu Dieter Nuhr sind die Reaktionen der getriggerten Klima-Panikmacher wirklich witzig.
259,1178575873563353093,1,1,1,1,1,1,"@PeterBraeuerRA @SylK1966 @fdp @Stiftung2Grad @Die_Gruenen @IPCC_CH (2/3) Nat√ºrlich sind komplexe Simulationen wie die zum Klima sehr fehleranf√§llig. Deshalb sind ja in den Prognosen auch so breite Korridore angegeben: 800 Gigatonnen ab 2018 f√ºhren mit 1/3 Wahrscheinlichkeit zu unter 1,5¬∞, mit 2/3 zu unter 1,75 mit 1/3 zu mehr als 1,75¬∞ s.Tabelle https://t.co/YJRtPLXYBw"
260,1180083472620240898,1,1,1,1,1,1,"@SteffenHentrich @koehler_fdp @JakobSchlandt @andreeboehling @badulrichmartha @TspBackgroundEK @PIK_Klima Regulative Unsicherheit ist ein Problem. Gerade in einem CO2 Markt, in dem Nachfrage nicht fundamental, sondern nur regulatorisch ist. Hybride aus Preis- und Mengensteuerung sind deshalb m.E. sinnvoll, weil sie Unsicherheit reduzieren k√∂nnen."
261,1178982874646757376,1,1,0,1,1,1,
262,1176975959821561862,1,1,0,0,0,0,
263,1176560569580756994,1,1,1,1,1,1,
264,1180115037375086592,1,1,0,1,1,0,
265,1178034680911794178,1,1,1,1,1,1,@csommer @tazgezwitscher Doch. Denn die Mitte und die rechten Str√∂mungen scheren sich ein Dreck um das Klima
266,1178757072504143872,1,1,0,1,1,1,"@sybille_zeisel @RudolfineZ Der HC Skandal bringt √ñVP ein √úberraschungsplus v 258.000 Stimmen,total 1,774.000.  Ohne die FP√ñler w√§ren es 1,516.000 Stimmen,also 31%. Wenn Rot an Gr√ºn 193.000 verliert, ist es homemade-Unterbewertung Klima.Schade."
267,1179643096214183936,1,1,0,1,1,0,"@fhaserodt @PIK_Klima Erst Lesen und Verstehen lernen und dann twittern. 
Hilft garantiert. Auch Ihnen."
268,1177507907350355969,1,1,1,1,1,1,"@ErlingPlaethe Das ist nicht die Mehrheit, also irrelevant...üò≠üò≠
Au√üerdem ist Klima jetzt neue Umverteilungs- Abkassierbegr√ºndung."
269,1180030299213828097,1,1,0,1,1,1,"@CeglarM @BerdSalz @UweNess @happycarobinz1 @SvenjaSchulze68 F√ºr diesen Zweck haben wir GLOBALforFUTURE. Eine interaktive Plattform f√ºr Klima und Umweltschutz. Hier kann jeder seine Ideen miteinbringen, Kampagnen starten, Aktionen planen und koordinieren, Projekte vorstellen, Mitstreiter sammeln...

Z.B.: https://t.co/JmMg6ItK8u‚Ä¶"
270,1177561807390695424,1,1,1,1,1,1,"@DoctorBrdoch @Joerg_Meuthen Sie w√ºrde es selbst dann nicht Glauben, wenn sich alle Wissenschaftler gegen einen Klima-Notstand aussprechen w√ºrden. 
Menschen wie Sie glauben nur was sie glauben wollen oder glauben d√ºrfen!"
271,1179729447487975424,1,1,0,1,1,0,@DrDavidBerger Die Klima Hysteriker &amp; ihre Verb√ºndete in Wirtschaft &amp; Politik!
272,1179644711209963520,1,1,1,1,1,1,"@YogicCEO @pet_vollmer @Elektro_Robin Entkopplung klingt gut, es reicht nur nicht, das ‚Äödreckige‚Äò Produzieren nach China auszulagern - dem Klima ist das egal. K√∂nnte es sein, dass es den globalen Wohlstand f√ºr alle nicht gibt, weil wir es uns schlichtweg klimatisch nicht leisten k√∂nnen? https://t.co/YWlmqs0slF"
273,1177228525050486785,1,0,1,1,1,1,"&gt; Parteivorsitzender schon bei der #Pendlerpauschale.
#Dobrindt berichtigt Hofreiter

Denn im Klima-Paket wurde die Abschaffung festgeschrieben. Und daran erinnerte ihn auch sofort Folgeredner Alexander Dobrindt (#CSU), der den Ball dankend annahm
&gt;"
274,1177906392084164610,0,0,0,1,1,1,"@netwge &gt;Schulstreik f√ºr das Klima: Die 16-j√§hrige Greta Thunberg ist die Ikone einer neuen Jugendbewegung. Im SPIEGEL-Interview verr√§t die Schwedin, warum sie schw√§nzen muss, um geh√∂rt zu werden - und wer hinter der Aktion steckt. https://t.co/A6f3Dj0b5Y&lt; (02.02.2019)"
275,1179408447303032833,1,1,1,1,1,1,"@DrDavidBerger @StBrandner Da sieht man mal wieder, dass die AfD im Allgemeinen und Sie im Speziellen nichts von der Problematik Klimawandel verstehen k√∂nnen oder wollen.
Kein normal denkender Mensch w√ºrde auf die Idee kommen einen aktiven Vulkan zu besetzten, nur weil er mit seinem das Klima beeinflusst."
276,1178356206936739840,1,1,1,1,1,1,"@UBSschweiz Ja, UBS, man k√∂nnte aus den Katboninvestments aussteigen. Man k√∂nnte nachhaltig investieren und finanzieren. Ihr macht aber genau das Gegenteil und seid am #Klimanotstand mitschuldig. Deshalb sollte das Geld zur @alternativebank statt zu euch. #Finance #Sustainability"
277,1177890399060467713,1,1,1,1,1,1,
278,1179090766372712449,1,1,0,1,1,1,
279,1178566608689729536,1,1,1,1,1,1,"@welt Wenn man den Verbrennungsmotor zum Klima-Feind erkl√§rt, wundert mich das nicht. Wir sind eine Nation der Kraftfahrer, dass wird noch ganz andere Formen annehmen, f√ºrchte ich!"
280,1177233236763844616,1,1,0,1,1,0,@APosener @janfleischhauer Was hei√üt hier antisemitisch? Durch die Umsetzung des Morgenthau-Planes h√§tten wir vielleicht im heutigen Deutschland eine gesunde Umwelt und w√ºrden uns nicht durch horrenden Co2-Aussto√ü am Klima und damit der ganzen Welt vers√ºndigen.
281,1177230622068264961,1,1,1,1,1,1,"@jottes @WoSchBonn @ingenieur_de @Turbodus das ist alles machbar., Dazu gibt es genug Statistiken. Autos mit Akku m√∂gen dem Klima helfen, aber sie werden der Umwelt so krass schaden, dass das nach hinten losgehen wird. Daher erscheint mit #Wasserstoff effektiver. Wasser(stoff) kann man √ºberall kriegen."
282,1179030593973170177,1,1,0,1,1,1,"@MPaunzrif @FridayForFuture Und interessant wird es auch sein, ob dann immernoch alle mehr f√ºrs Klima zahlen wollen oder ob einige nicht doch eher das Thema Arbeitslosigkeit f√ºr wichtiger erachten."
283,1177584303343132672,1,1,1,1,1,1,
284,1177165149364506624,1,1,1,1,1,1,"@LoqkaZemer @SerapGueler Ich bestehe nur darauf, das alle, die vorgeben, sich ums Klima zu sorgen, neben dem lokalen Mechanismus auch die internationale Durchsetzung gleichberechtigt priorisieren.

Auch ein guter Mechanismus wird lokal nur scheitern und damit die Sache diskreditieren. Das schadet eher."
285,1177474128866988037,1,1,1,1,1,1,"@J_B_oo7 @cynicalAxolotl @chst70 @M_T_Franz @FranzStrohmeier @BonnerGuido @rahmstorf @Die_Gruenen @RealLeicaManiac Schwachsinn. In jedem Standardlabor k√∂nnen Sie den Treibhauseffekt von CO2, Methan oder Lachgas nachweisen. Wir kennen nat√ºrlich auch die Emmissionen."
286,1179792509427425280,1,1,1,1,1,1,"@energiezukunft_ Wenn wir 100% emissionsfrei fahren, https://t.co/V5n6apBOAF regen.CH4, sind Autobahnen OK. Grosser Fehler, so etwas wg.Klima zu stoppen"
287,1177967226718183424,1,1,1,1,1,1,"@exil_fant @EDA1155 @ArminLaschet Konsens i.k. Naturgesetz siehe Galileo. Es gibt viele wiedersprechende Wissenschaftler.Bitte Cook Metastudie genau ansehen. Es handelt sich nur um oszillierendes Klima. Gr√∂nland hatte Ackerbau, Hannibal kam √ºber Alpen, R√∂mer kamen in R√∂cken. Alles normal. Mit CO2 kam weltw wohlst"
288,1178626257518546945,1,1,0,1,1,0,@HolgerEwald1 @China_Welt_News Auch die wollen am Klima mitverdienen.
289,1177914038925348866,1,1,1,1,1,1,"@Stadtwurzel Es hat schon zur Verbesserung meiner Welt beigetragen, durch Tipps und Hinweise und Erfahrungen, die ich sonst vielleicht verpasst h√§tte. Leider gibt es nat√ºrlich auch negative Erfahrungen, aber so ist das immer. H√§tten sich die Klima Proteste auch ohne so wirksam organisiert?"
290,1176936963330465794,1,1,0,1,1,1,"@LukLem1992 Arktisches Klima vermute ich mal. ü§ì Scheint wohl eher auf Coolness abzuzielen als auf Praktikabilit√§t. Ich k√∂nnte mit langen √Ñrmeln und Kapuze auch nicht richtig werfen, aber ich spiele ja auch (noch) nicht in der NBA. ü§∑‚Äç‚ôÇÔ∏è"
291,1178375671703392256,1,1,1,1,1,1,"@UweSchummer F√ºr mich, die als ""neigschmekte"" in #BadenW√ºrttemberg lebt, eine Kombi, die m.E. die wirkliche Abbildung der Mitte repr√§sentiert. Denn jeder agiert mit seinen St√§rken. Wirtschaft + Klima geh√∂ren in Zeiten wie diesen halt einfach zusammen. Und das wird auch #√ñsterreich bald merken"
292,1178470318106693632,1,0,1,1,1,1,@neuthfer @inchtweet @beyond_ideology @faznet @ErnMedBlog 500 Wissenschaftler (darunter auff√§llig wenige im Bereich Klima &amp; Umwelt t√§tig) vs. 26800 Wissenschaftler*innen die sich allein bis M√§rz hinter Scientists4Future versammelt haben und viel sozialere Vorschl√§ge bringen als die Politik bisher plant. https://t.co/gfQXDzZoQw
293,1176829761613697026,1,1,1,1,1,1,
294,1178599032387702784,1,1,1,1,1,1,
295,1177447186193240064,1,1,1,1,1,1,"@PeterBa84734077 @AngelFlorian78 @NEX3up @KoeppelRoger @SVPch Das ist wieder so ein ""typischer"". Klima-Wandel und Umweltschutz kategorisch durcheinander werfen. ""Dank"" des Klima-Hypes werden eben wichtige und l√∂sbare Umweltthemen nicht angegangen. Wir haben dringende Umweltprobleme zu l√∂sen, die in der gehypten Hysterie untergehen."
296,1178349576211832832,1,1,0,1,1,0,"@olivergorus Hab den Eindruck das es eher um Verbote und Gleichstellung statt Klima geht.Also eine Art Sozialismus unter dem Deckmantel
des Klimaschutzes . So eine Art 
Sozialistische √ñkodiktatur."
297,1178612577095622662,1,1,1,1,1,0,
298,1177909387903586304,1,1,0,1,1,1,"@user82de @rahmstorf @GretaThunberg Der @IPCC_CH ist ein Wissenschaftsgremium, das den Forschungsstand zur globalen #Klimaver√§nderung aufarbeitet. Und das ehrenamtlich. Informieren Sie sich, bevor Sie unhaltbare Behauptungen aufstellen!"
299,1179512825410142209,1,1,0,1,1,0,"@derrechterand @afdwatchhamburg Ich glaube ja, dass die aktuelle Politik in Sachen Klima mit angezogener Handbremse genau auf die abzielt, die sich bedroht sehen. Automobilwerker und Kohlesch√ºrfer. Sie m√ºssen es nur erkennen.
@CDU &amp; @spdde  Ihr m√ºsst Euch endlich mal erkl√§ren! Vor allem auf Kommunalebene!"
